[
  {
    "name": "Process Start",
    "start": 1662964307395,
    "end": 1662964309223,
    "duration": 1828,
    "pid": 26860,
    "index": 0
  },
  {
    "name": "Application Start",
    "start": 1662964309223,
    "end": 1662964309522,
    "duration": 299,
    "pid": 26860,
    "index": 1
  },
  {
    "name": "Load Plugin",
    "start": 1662964309224,
    "end": 1662964309225,
    "duration": 1,
    "pid": 26860,
    "index": 2
  },
  {
    "name": "Load Config",
    "start": 1662964309225,
    "end": 1662964309227,
    "duration": 2,
    "pid": 26860,
    "index": 3
  },
  {
    "name": "Require(0) config/config.default.ts",
    "start": 1662964309225,
    "end": 1662964309225,
    "duration": 0,
    "pid": 26860,
    "index": 4
  },
  {
    "name": "Require(1) config/config.local.ts",
    "start": 1662964309225,
    "end": 1662964309225,
    "duration": 0,
    "pid": 26860,
    "index": 5
  },
  {
    "name": "Require(2) /Users/wangkai/wangkai/liujie/jinhaiwuliu-server/node_modules/egg-session/config/config.default.js",
    "start": 1662964309226,
    "end": 1662964309226,
    "duration": 0,
    "pid": 26860,
    "index": 6
  },
  {
    "name": "Require(3) /Users/wangkai/wangkai/liujie/jinhaiwuliu-server/node_modules/egg-security/config/config.default.js",
    "start": 1662964309226,
    "end": 1662964309226,
    "duration": 0,
    "pid": 26860,
    "index": 7
  },
  {
    "name": "Require(4) /Users/wangkai/wangkai/liujie/jinhaiwuliu-server/node_modules/egg-jsonp/config/config.default.js",
    "start": 1662964309226,
    "end": 1662964309226,
    "duration": 0,
    "pid": 26860,
    "index": 8
  },
  {
    "name": "Require(5) /Users/wangkai/wangkai/liujie/jinhaiwuliu-server/node_modules/egg-onerror/config/config.default.js",
    "start": 1662964309226,
    "end": 1662964309226,
    "duration": 0,
    "pid": 26860,
    "index": 9
  },
  {
    "name": "Require(6) /Users/wangkai/wangkai/liujie/jinhaiwuliu-server/node_modules/egg-i18n/config/config.default.js",
    "start": 1662964309226,
    "end": 1662964309226,
    "duration": 0,
    "pid": 26860,
    "index": 10
  },
  {
    "name": "Require(7) /Users/wangkai/wangkai/liujie/jinhaiwuliu-server/node_modules/egg-schedule/config/config.default.js",
    "start": 1662964309226,
    "end": 1662964309226,
    "duration": 0,
    "pid": 26860,
    "index": 11
  },
  {
    "name": "Require(8) /Users/wangkai/wangkai/liujie/jinhaiwuliu-server/node_modules/egg-multipart/config/config.default.js",
    "start": 1662964309226,
    "end": 1662964309226,
    "duration": 0,
    "pid": 26860,
    "index": 12
  },
  {
    "name": "Require(9) /Users/wangkai/wangkai/liujie/jinhaiwuliu-server/node_modules/egg-static/config/config.default.js",
    "start": 1662964309226,
    "end": 1662964309226,
    "duration": 0,
    "pid": 26860,
    "index": 13
  },
  {
    "name": "Require(10) /Users/wangkai/wangkai/liujie/jinhaiwuliu-server/node_modules/egg/config/config.default.js",
    "start": 1662964309226,
    "end": 1662964309226,
    "duration": 0,
    "pid": 26860,
    "index": 14
  },
  {
    "name": "Require(11) /Users/wangkai/wangkai/liujie/jinhaiwuliu-server/node_modules/@midwayjs/web/config/config.default.js",
    "start": 1662964309226,
    "end": 1662964309226,
    "duration": 0,
    "pid": 26860,
    "index": 15
  },
  {
    "name": "Require(12) config/config.default.ts",
    "start": 1662964309227,
    "end": 1662964309227,
    "duration": 0,
    "pid": 26860,
    "index": 16
  },
  {
    "name": "Require(13) /Users/wangkai/wangkai/liujie/jinhaiwuliu-server/node_modules/egg-security/config/config.local.js",
    "start": 1662964309227,
    "end": 1662964309227,
    "duration": 0,
    "pid": 26860,
    "index": 17
  },
  {
    "name": "Require(14) /Users/wangkai/wangkai/liujie/jinhaiwuliu-server/node_modules/egg/config/config.local.js",
    "start": 1662964309227,
    "end": 1662964309227,
    "duration": 0,
    "pid": 26860,
    "index": 18
  },
  {
    "name": "Require(15) config/config.local.ts",
    "start": 1662964309227,
    "end": 1662964309227,
    "duration": 0,
    "pid": 26860,
    "index": 19
  },
  {
    "name": "Before Start in node_modules/@midwayjs/web/dist/framework/web.js:45:22",
    "start": 1662964309228,
    "end": 1662964309327,
    "duration": 99,
    "pid": 26860,
    "index": 20
  },
  {
    "name": "Load extend/application.js",
    "start": 1662964309232,
    "end": 1662964309238,
    "duration": 6,
    "pid": 26860,
    "index": 21
  },
  {
    "name": "Require(16) /Users/wangkai/wangkai/liujie/jinhaiwuliu-server/node_modules/egg-session/app/extend/application.js",
    "start": 1662964309233,
    "end": 1662964309233,
    "duration": 0,
    "pid": 26860,
    "index": 22
  },
  {
    "name": "Require(17) /Users/wangkai/wangkai/liujie/jinhaiwuliu-server/node_modules/egg-security/app/extend/application.js",
    "start": 1662964309233,
    "end": 1662964309234,
    "duration": 1,
    "pid": 26860,
    "index": 23
  },
  {
    "name": "Require(18) /Users/wangkai/wangkai/liujie/jinhaiwuliu-server/node_modules/egg-jsonp/app/extend/application.js",
    "start": 1662964309234,
    "end": 1662964309234,
    "duration": 0,
    "pid": 26860,
    "index": 24
  },
  {
    "name": "Require(19) /Users/wangkai/wangkai/liujie/jinhaiwuliu-server/node_modules/egg-schedule/app/extend/application.js",
    "start": 1662964309234,
    "end": 1662964309235,
    "duration": 1,
    "pid": 26860,
    "index": 25
  },
  {
    "name": "Require(20) /Users/wangkai/wangkai/liujie/jinhaiwuliu-server/node_modules/egg-mock/app/extend/application.js",
    "start": 1662964309235,
    "end": 1662964309236,
    "duration": 1,
    "pid": 26860,
    "index": 26
  },
  {
    "name": "Require(21) /Users/wangkai/wangkai/liujie/jinhaiwuliu-server/node_modules/@midwayjs/mock/app/extend/application.js",
    "start": 1662964309237,
    "end": 1662964309238,
    "duration": 1,
    "pid": 26860,
    "index": 27
  },
  {
    "name": "Require(22) /Users/wangkai/wangkai/liujie/jinhaiwuliu-server/node_modules/@midwayjs/web/app/extend/application.js",
    "start": 1662964309238,
    "end": 1662964309238,
    "duration": 0,
    "pid": 26860,
    "index": 28
  },
  {
    "name": "Load extend/request.js",
    "start": 1662964309238,
    "end": 1662964309241,
    "duration": 3,
    "pid": 26860,
    "index": 29
  },
  {
    "name": "Require(23) /Users/wangkai/wangkai/liujie/jinhaiwuliu-server/node_modules/egg/app/extend/request.js",
    "start": 1662964309239,
    "end": 1662964309240,
    "duration": 1,
    "pid": 26860,
    "index": 30
  },
  {
    "name": "Load extend/response.js",
    "start": 1662964309241,
    "end": 1662964309243,
    "duration": 2,
    "pid": 26860,
    "index": 31
  },
  {
    "name": "Require(24) /Users/wangkai/wangkai/liujie/jinhaiwuliu-server/node_modules/egg/app/extend/response.js",
    "start": 1662964309241,
    "end": 1662964309242,
    "duration": 1,
    "pid": 26860,
    "index": 32
  },
  {
    "name": "Load extend/context.js",
    "start": 1662964309243,
    "end": 1662964309244,
    "duration": 1,
    "pid": 26860,
    "index": 33
  },
  {
    "name": "Require(25) /Users/wangkai/wangkai/liujie/jinhaiwuliu-server/node_modules/egg-security/app/extend/context.js",
    "start": 1662964309243,
    "end": 1662964309243,
    "duration": 0,
    "pid": 26860,
    "index": 34
  },
  {
    "name": "Require(26) /Users/wangkai/wangkai/liujie/jinhaiwuliu-server/node_modules/egg-jsonp/app/extend/context.js",
    "start": 1662964309243,
    "end": 1662964309243,
    "duration": 0,
    "pid": 26860,
    "index": 35
  },
  {
    "name": "Require(27) /Users/wangkai/wangkai/liujie/jinhaiwuliu-server/node_modules/egg-i18n/app/extend/context.js",
    "start": 1662964309243,
    "end": 1662964309243,
    "duration": 0,
    "pid": 26860,
    "index": 36
  },
  {
    "name": "Require(28) /Users/wangkai/wangkai/liujie/jinhaiwuliu-server/node_modules/egg-multipart/app/extend/context.js",
    "start": 1662964309243,
    "end": 1662964309243,
    "duration": 0,
    "pid": 26860,
    "index": 37
  },
  {
    "name": "Require(29) /Users/wangkai/wangkai/liujie/jinhaiwuliu-server/node_modules/egg/app/extend/context.js",
    "start": 1662964309243,
    "end": 1662964309243,
    "duration": 0,
    "pid": 26860,
    "index": 38
  },
  {
    "name": "Require(30) /Users/wangkai/wangkai/liujie/jinhaiwuliu-server/node_modules/@midwayjs/web/app/extend/context.js",
    "start": 1662964309243,
    "end": 1662964309243,
    "duration": 0,
    "pid": 26860,
    "index": 39
  },
  {
    "name": "Load extend/helper.js",
    "start": 1662964309244,
    "end": 1662964309257,
    "duration": 13,
    "pid": 26860,
    "index": 40
  },
  {
    "name": "Require(31) /Users/wangkai/wangkai/liujie/jinhaiwuliu-server/node_modules/egg-security/app/extend/helper.js",
    "start": 1662964309244,
    "end": 1662964309255,
    "duration": 11,
    "pid": 26860,
    "index": 41
  },
  {
    "name": "Require(32) /Users/wangkai/wangkai/liujie/jinhaiwuliu-server/node_modules/egg/app/extend/helper.js",
    "start": 1662964309256,
    "end": 1662964309257,
    "duration": 1,
    "pid": 26860,
    "index": 42
  },
  {
    "name": "Load app.js",
    "start": 1662964309257,
    "end": 1662964309280,
    "duration": 23,
    "pid": 26860,
    "index": 43
  },
  {
    "name": "Require(33) /Users/wangkai/wangkai/liujie/jinhaiwuliu-server/node_modules/egg-session/app.js",
    "start": 1662964309257,
    "end": 1662964309258,
    "duration": 1,
    "pid": 26860,
    "index": 44
  },
  {
    "name": "Require(34) /Users/wangkai/wangkai/liujie/jinhaiwuliu-server/node_modules/egg-security/app.js",
    "start": 1662964309258,
    "end": 1662964309259,
    "duration": 1,
    "pid": 26860,
    "index": 45
  },
  {
    "name": "Require(35) /Users/wangkai/wangkai/liujie/jinhaiwuliu-server/node_modules/egg-onerror/app.js",
    "start": 1662964309259,
    "end": 1662964309263,
    "duration": 4,
    "pid": 26860,
    "index": 46
  },
  {
    "name": "Require(36) /Users/wangkai/wangkai/liujie/jinhaiwuliu-server/node_modules/egg-i18n/app.js",
    "start": 1662964309263,
    "end": 1662964309273,
    "duration": 10,
    "pid": 26860,
    "index": 47
  },
  {
    "name": "Require(37) /Users/wangkai/wangkai/liujie/jinhaiwuliu-server/node_modules/egg-schedule/app.js",
    "start": 1662964309273,
    "end": 1662964309274,
    "duration": 1,
    "pid": 26860,
    "index": 48
  },
  {
    "name": "Require(38) /Users/wangkai/wangkai/liujie/jinhaiwuliu-server/node_modules/egg-multipart/app.js",
    "start": 1662964309274,
    "end": 1662964309274,
    "duration": 0,
    "pid": 26860,
    "index": 49
  },
  {
    "name": "Require(39) /Users/wangkai/wangkai/liujie/jinhaiwuliu-server/node_modules/egg-static/app.js",
    "start": 1662964309274,
    "end": 1662964309275,
    "duration": 1,
    "pid": 26860,
    "index": 50
  },
  {
    "name": "Require(40) /Users/wangkai/wangkai/liujie/jinhaiwuliu-server/node_modules/midway-schedule/app.js",
    "start": 1662964309275,
    "end": 1662964309275,
    "duration": 0,
    "pid": 26860,
    "index": 51
  },
  {
    "name": "Require(41) /Users/wangkai/wangkai/liujie/jinhaiwuliu-server/node_modules/egg-mock/app.js",
    "start": 1662964309275,
    "end": 1662964309276,
    "duration": 1,
    "pid": 26860,
    "index": 52
  },
  {
    "name": "Require(42) /Users/wangkai/wangkai/liujie/jinhaiwuliu-server/node_modules/@midwayjs/web/app.js",
    "start": 1662964309276,
    "end": 1662964309279,
    "duration": 3,
    "pid": 26860,
    "index": 53
  },
  {
    "name": "Did Load in /Users/wangkai/wangkai/liujie/jinhaiwuliu-server/node_modules/@midwayjs/web/app.js:didLoad",
    "start": 1662964309289,
    "end": 1662964309327,
    "duration": 38,
    "pid": 26860,
    "index": 54
  },
  {
    "name": "Load Service",
    "start": 1662964309289,
    "end": 1662964309292,
    "duration": 3,
    "pid": 26860,
    "index": 55
  },
  {
    "name": "Load \"service\" to Context",
    "start": 1662964309289,
    "end": 1662964309292,
    "duration": 3,
    "pid": 26860,
    "index": 56
  },
  {
    "name": "Load Middleware",
    "start": 1662964309292,
    "end": 1662964309326,
    "duration": 34,
    "pid": 26860,
    "index": 57
  },
  {
    "name": "Load \"middlewares\" to Application",
    "start": 1662964309292,
    "end": 1662964309326,
    "duration": 34,
    "pid": 26860,
    "index": 58
  },
  {
    "name": "Load Controller",
    "start": 1662964309326,
    "end": 1662964309326,
    "duration": 0,
    "pid": 26860,
    "index": 59
  },
  {
    "name": "Load \"controller\" to Application",
    "start": 1662964309326,
    "end": 1662964309326,
    "duration": 0,
    "pid": 26860,
    "index": 60
  },
  {
    "name": "Load Router",
    "start": 1662964309326,
    "end": 1662964309326,
    "duration": 0,
    "pid": 26860,
    "index": 61
  },
  {
    "name": "Will Ready in /Users/wangkai/wangkai/liujie/jinhaiwuliu-server/node_modules/@midwayjs/web/app.js:willReady",
    "start": 1662964309328,
    "end": 1662964309522,
    "duration": 194,
    "pid": 26860,
    "index": 62
  }
]