[
  {
    "name": "Process Start",
    "start": 1665482559156,
    "end": 1665482560998,
    "duration": 1842,
    "pid": 57204,
    "index": 0
  },
  {
    "name": "Application Start",
    "start": 1665482560998,
    "end": 1665482561295,
    "duration": 297,
    "pid": 57204,
    "index": 1
  },
  {
    "name": "Load Plugin",
    "start": 1665482560999,
    "end": 1665482561000,
    "duration": 1,
    "pid": 57204,
    "index": 2
  },
  {
    "name": "Load Config",
    "start": 1665482561000,
    "end": 1665482561003,
    "duration": 3,
    "pid": 57204,
    "index": 3
  },
  {
    "name": "Require(0) config/config.default.ts",
    "start": 1665482561000,
    "end": 1665482561000,
    "duration": 0,
    "pid": 57204,
    "index": 4
  },
  {
    "name": "Require(1) config/config.local.ts",
    "start": 1665482561000,
    "end": 1665482561000,
    "duration": 0,
    "pid": 57204,
    "index": 5
  },
  {
    "name": "Require(2) /Users/wangkai/wangkai/liujie/jinhaiwuliu-server/node_modules/egg-session/config/config.default.js",
    "start": 1665482561001,
    "end": 1665482561001,
    "duration": 0,
    "pid": 57204,
    "index": 6
  },
  {
    "name": "Require(3) /Users/wangkai/wangkai/liujie/jinhaiwuliu-server/node_modules/egg-security/config/config.default.js",
    "start": 1665482561001,
    "end": 1665482561001,
    "duration": 0,
    "pid": 57204,
    "index": 7
  },
  {
    "name": "Require(4) /Users/wangkai/wangkai/liujie/jinhaiwuliu-server/node_modules/egg-jsonp/config/config.default.js",
    "start": 1665482561001,
    "end": 1665482561001,
    "duration": 0,
    "pid": 57204,
    "index": 8
  },
  {
    "name": "Require(5) /Users/wangkai/wangkai/liujie/jinhaiwuliu-server/node_modules/egg-onerror/config/config.default.js",
    "start": 1665482561001,
    "end": 1665482561001,
    "duration": 0,
    "pid": 57204,
    "index": 9
  },
  {
    "name": "Require(6) /Users/wangkai/wangkai/liujie/jinhaiwuliu-server/node_modules/egg-i18n/config/config.default.js",
    "start": 1665482561001,
    "end": 1665482561001,
    "duration": 0,
    "pid": 57204,
    "index": 10
  },
  {
    "name": "Require(7) /Users/wangkai/wangkai/liujie/jinhaiwuliu-server/node_modules/egg-schedule/config/config.default.js",
    "start": 1665482561001,
    "end": 1665482561001,
    "duration": 0,
    "pid": 57204,
    "index": 11
  },
  {
    "name": "Require(8) /Users/wangkai/wangkai/liujie/jinhaiwuliu-server/node_modules/egg-multipart/config/config.default.js",
    "start": 1665482561001,
    "end": 1665482561001,
    "duration": 0,
    "pid": 57204,
    "index": 12
  },
  {
    "name": "Require(9) /Users/wangkai/wangkai/liujie/jinhaiwuliu-server/node_modules/egg-static/config/config.default.js",
    "start": 1665482561001,
    "end": 1665482561001,
    "duration": 0,
    "pid": 57204,
    "index": 13
  },
  {
    "name": "Require(10) /Users/wangkai/wangkai/liujie/jinhaiwuliu-server/node_modules/egg/config/config.default.js",
    "start": 1665482561001,
    "end": 1665482561001,
    "duration": 0,
    "pid": 57204,
    "index": 14
  },
  {
    "name": "Require(11) /Users/wangkai/wangkai/liujie/jinhaiwuliu-server/node_modules/@midwayjs/web/config/config.default.js",
    "start": 1665482561002,
    "end": 1665482561002,
    "duration": 0,
    "pid": 57204,
    "index": 15
  },
  {
    "name": "Require(12) config/config.default.ts",
    "start": 1665482561002,
    "end": 1665482561002,
    "duration": 0,
    "pid": 57204,
    "index": 16
  },
  {
    "name": "Require(13) /Users/wangkai/wangkai/liujie/jinhaiwuliu-server/node_modules/egg-security/config/config.local.js",
    "start": 1665482561002,
    "end": 1665482561002,
    "duration": 0,
    "pid": 57204,
    "index": 17
  },
  {
    "name": "Require(14) /Users/wangkai/wangkai/liujie/jinhaiwuliu-server/node_modules/egg/config/config.local.js",
    "start": 1665482561002,
    "end": 1665482561002,
    "duration": 0,
    "pid": 57204,
    "index": 18
  },
  {
    "name": "Require(15) config/config.local.ts",
    "start": 1665482561002,
    "end": 1665482561002,
    "duration": 0,
    "pid": 57204,
    "index": 19
  },
  {
    "name": "Before Start in node_modules/@midwayjs/web/dist/framework/web.js:45:22",
    "start": 1665482561003,
    "end": 1665482561082,
    "duration": 79,
    "pid": 57204,
    "index": 20
  },
  {
    "name": "Load extend/application.js",
    "start": 1665482561009,
    "end": 1665482561014,
    "duration": 5,
    "pid": 57204,
    "index": 21
  },
  {
    "name": "Require(16) /Users/wangkai/wangkai/liujie/jinhaiwuliu-server/node_modules/egg-session/app/extend/application.js",
    "start": 1665482561010,
    "end": 1665482561010,
    "duration": 0,
    "pid": 57204,
    "index": 22
  },
  {
    "name": "Require(17) /Users/wangkai/wangkai/liujie/jinhaiwuliu-server/node_modules/egg-security/app/extend/application.js",
    "start": 1665482561010,
    "end": 1665482561010,
    "duration": 0,
    "pid": 57204,
    "index": 23
  },
  {
    "name": "Require(18) /Users/wangkai/wangkai/liujie/jinhaiwuliu-server/node_modules/egg-jsonp/app/extend/application.js",
    "start": 1665482561010,
    "end": 1665482561011,
    "duration": 1,
    "pid": 57204,
    "index": 24
  },
  {
    "name": "Require(19) /Users/wangkai/wangkai/liujie/jinhaiwuliu-server/node_modules/egg-schedule/app/extend/application.js",
    "start": 1665482561011,
    "end": 1665482561011,
    "duration": 0,
    "pid": 57204,
    "index": 25
  },
  {
    "name": "Require(20) /Users/wangkai/wangkai/liujie/jinhaiwuliu-server/node_modules/egg-mock/app/extend/application.js",
    "start": 1665482561011,
    "end": 1665482561013,
    "duration": 2,
    "pid": 57204,
    "index": 26
  },
  {
    "name": "Require(21) /Users/wangkai/wangkai/liujie/jinhaiwuliu-server/node_modules/@midwayjs/mock/app/extend/application.js",
    "start": 1665482561013,
    "end": 1665482561014,
    "duration": 1,
    "pid": 57204,
    "index": 27
  },
  {
    "name": "Require(22) /Users/wangkai/wangkai/liujie/jinhaiwuliu-server/node_modules/@midwayjs/web/app/extend/application.js",
    "start": 1665482561014,
    "end": 1665482561014,
    "duration": 0,
    "pid": 57204,
    "index": 28
  },
  {
    "name": "Load extend/request.js",
    "start": 1665482561014,
    "end": 1665482561016,
    "duration": 2,
    "pid": 57204,
    "index": 29
  },
  {
    "name": "Require(23) /Users/wangkai/wangkai/liujie/jinhaiwuliu-server/node_modules/egg/app/extend/request.js",
    "start": 1665482561015,
    "end": 1665482561015,
    "duration": 0,
    "pid": 57204,
    "index": 30
  },
  {
    "name": "Load extend/response.js",
    "start": 1665482561016,
    "end": 1665482561017,
    "duration": 1,
    "pid": 57204,
    "index": 31
  },
  {
    "name": "Require(24) /Users/wangkai/wangkai/liujie/jinhaiwuliu-server/node_modules/egg/app/extend/response.js",
    "start": 1665482561016,
    "end": 1665482561017,
    "duration": 1,
    "pid": 57204,
    "index": 32
  },
  {
    "name": "Load extend/context.js",
    "start": 1665482561017,
    "end": 1665482561018,
    "duration": 1,
    "pid": 57204,
    "index": 33
  },
  {
    "name": "Require(25) /Users/wangkai/wangkai/liujie/jinhaiwuliu-server/node_modules/egg-security/app/extend/context.js",
    "start": 1665482561018,
    "end": 1665482561018,
    "duration": 0,
    "pid": 57204,
    "index": 34
  },
  {
    "name": "Require(26) /Users/wangkai/wangkai/liujie/jinhaiwuliu-server/node_modules/egg-jsonp/app/extend/context.js",
    "start": 1665482561018,
    "end": 1665482561018,
    "duration": 0,
    "pid": 57204,
    "index": 35
  },
  {
    "name": "Require(27) /Users/wangkai/wangkai/liujie/jinhaiwuliu-server/node_modules/egg-i18n/app/extend/context.js",
    "start": 1665482561018,
    "end": 1665482561018,
    "duration": 0,
    "pid": 57204,
    "index": 36
  },
  {
    "name": "Require(28) /Users/wangkai/wangkai/liujie/jinhaiwuliu-server/node_modules/egg-multipart/app/extend/context.js",
    "start": 1665482561018,
    "end": 1665482561018,
    "duration": 0,
    "pid": 57204,
    "index": 37
  },
  {
    "name": "Require(29) /Users/wangkai/wangkai/liujie/jinhaiwuliu-server/node_modules/egg/app/extend/context.js",
    "start": 1665482561018,
    "end": 1665482561018,
    "duration": 0,
    "pid": 57204,
    "index": 38
  },
  {
    "name": "Require(30) /Users/wangkai/wangkai/liujie/jinhaiwuliu-server/node_modules/@midwayjs/web/app/extend/context.js",
    "start": 1665482561018,
    "end": 1665482561018,
    "duration": 0,
    "pid": 57204,
    "index": 39
  },
  {
    "name": "Load extend/helper.js",
    "start": 1665482561018,
    "end": 1665482561028,
    "duration": 10,
    "pid": 57204,
    "index": 40
  },
  {
    "name": "Require(31) /Users/wangkai/wangkai/liujie/jinhaiwuliu-server/node_modules/egg-security/app/extend/helper.js",
    "start": 1665482561018,
    "end": 1665482561027,
    "duration": 9,
    "pid": 57204,
    "index": 41
  },
  {
    "name": "Require(32) /Users/wangkai/wangkai/liujie/jinhaiwuliu-server/node_modules/egg/app/extend/helper.js",
    "start": 1665482561027,
    "end": 1665482561028,
    "duration": 1,
    "pid": 57204,
    "index": 42
  },
  {
    "name": "Load app.js",
    "start": 1665482561028,
    "end": 1665482561043,
    "duration": 15,
    "pid": 57204,
    "index": 43
  },
  {
    "name": "Require(33) /Users/wangkai/wangkai/liujie/jinhaiwuliu-server/node_modules/egg-session/app.js",
    "start": 1665482561028,
    "end": 1665482561028,
    "duration": 0,
    "pid": 57204,
    "index": 44
  },
  {
    "name": "Require(34) /Users/wangkai/wangkai/liujie/jinhaiwuliu-server/node_modules/egg-security/app.js",
    "start": 1665482561028,
    "end": 1665482561029,
    "duration": 1,
    "pid": 57204,
    "index": 45
  },
  {
    "name": "Require(35) /Users/wangkai/wangkai/liujie/jinhaiwuliu-server/node_modules/egg-onerror/app.js",
    "start": 1665482561029,
    "end": 1665482561032,
    "duration": 3,
    "pid": 57204,
    "index": 46
  },
  {
    "name": "Require(36) /Users/wangkai/wangkai/liujie/jinhaiwuliu-server/node_modules/egg-i18n/app.js",
    "start": 1665482561033,
    "end": 1665482561040,
    "duration": 7,
    "pid": 57204,
    "index": 47
  },
  {
    "name": "Require(37) /Users/wangkai/wangkai/liujie/jinhaiwuliu-server/node_modules/egg-schedule/app.js",
    "start": 1665482561040,
    "end": 1665482561040,
    "duration": 0,
    "pid": 57204,
    "index": 48
  },
  {
    "name": "Require(38) /Users/wangkai/wangkai/liujie/jinhaiwuliu-server/node_modules/egg-multipart/app.js",
    "start": 1665482561040,
    "end": 1665482561041,
    "duration": 1,
    "pid": 57204,
    "index": 49
  },
  {
    "name": "Require(39) /Users/wangkai/wangkai/liujie/jinhaiwuliu-server/node_modules/egg-static/app.js",
    "start": 1665482561041,
    "end": 1665482561041,
    "duration": 0,
    "pid": 57204,
    "index": 50
  },
  {
    "name": "Require(40) /Users/wangkai/wangkai/liujie/jinhaiwuliu-server/node_modules/midway-schedule/app.js",
    "start": 1665482561041,
    "end": 1665482561041,
    "duration": 0,
    "pid": 57204,
    "index": 51
  },
  {
    "name": "Require(41) /Users/wangkai/wangkai/liujie/jinhaiwuliu-server/node_modules/egg-mock/app.js",
    "start": 1665482561042,
    "end": 1665482561042,
    "duration": 0,
    "pid": 57204,
    "index": 52
  },
  {
    "name": "Require(42) /Users/wangkai/wangkai/liujie/jinhaiwuliu-server/node_modules/@midwayjs/web/app.js",
    "start": 1665482561042,
    "end": 1665482561042,
    "duration": 0,
    "pid": 57204,
    "index": 53
  },
  {
    "name": "Did Load in /Users/wangkai/wangkai/liujie/jinhaiwuliu-server/node_modules/@midwayjs/web/app.js:didLoad",
    "start": 1665482561049,
    "end": 1665482561082,
    "duration": 33,
    "pid": 57204,
    "index": 54
  },
  {
    "name": "Load Service",
    "start": 1665482561049,
    "end": 1665482561052,
    "duration": 3,
    "pid": 57204,
    "index": 55
  },
  {
    "name": "Load \"service\" to Context",
    "start": 1665482561049,
    "end": 1665482561052,
    "duration": 3,
    "pid": 57204,
    "index": 56
  },
  {
    "name": "Load Middleware",
    "start": 1665482561052,
    "end": 1665482561081,
    "duration": 29,
    "pid": 57204,
    "index": 57
  },
  {
    "name": "Load \"middlewares\" to Application",
    "start": 1665482561052,
    "end": 1665482561081,
    "duration": 29,
    "pid": 57204,
    "index": 58
  },
  {
    "name": "Load Controller",
    "start": 1665482561081,
    "end": 1665482561081,
    "duration": 0,
    "pid": 57204,
    "index": 59
  },
  {
    "name": "Load \"controller\" to Application",
    "start": 1665482561081,
    "end": 1665482561081,
    "duration": 0,
    "pid": 57204,
    "index": 60
  },
  {
    "name": "Load Router",
    "start": 1665482561081,
    "end": 1665482561081,
    "duration": 0,
    "pid": 57204,
    "index": 61
  },
  {
    "name": "Will Ready in /Users/wangkai/wangkai/liujie/jinhaiwuliu-server/node_modules/@midwayjs/web/app.js:willReady",
    "start": 1665482561082,
    "end": 1665482561295,
    "duration": 213,
    "pid": 57204,
    "index": 62
  }
]