[
  {
    "name": "Process Start",
    "start": 1666703421602,
    "end": 1666703424044,
    "duration": 2442,
    "pid": 59419,
    "index": 0
  },
  {
    "name": "Application Start",
    "start": 1666703424045,
    "end": 1666703424556,
    "duration": 511,
    "pid": 59419,
    "index": 1
  },
  {
    "name": "Load Plugin",
    "start": 1666703424045,
    "end": 1666703424046,
    "duration": 1,
    "pid": 59419,
    "index": 2
  },
  {
    "name": "Load Config",
    "start": 1666703424046,
    "end": 1666703424049,
    "duration": 3,
    "pid": 59419,
    "index": 3
  },
  {
    "name": "Require(0) config/config.default.ts",
    "start": 1666703424046,
    "end": 1666703424046,
    "duration": 0,
    "pid": 59419,
    "index": 4
  },
  {
    "name": "Require(1) config/config.local.ts",
    "start": 1666703424046,
    "end": 1666703424046,
    "duration": 0,
    "pid": 59419,
    "index": 5
  },
  {
    "name": "Require(2) /Users/wangkai/wangkai/qf/b-hooks/react-project-server/node_modules/egg-session/config/config.default.js",
    "start": 1666703424047,
    "end": 1666703424047,
    "duration": 0,
    "pid": 59419,
    "index": 6
  },
  {
    "name": "Require(3) /Users/wangkai/wangkai/qf/b-hooks/react-project-server/node_modules/egg-security/config/config.default.js",
    "start": 1666703424047,
    "end": 1666703424047,
    "duration": 0,
    "pid": 59419,
    "index": 7
  },
  {
    "name": "Require(4) /Users/wangkai/wangkai/qf/b-hooks/react-project-server/node_modules/egg-jsonp/config/config.default.js",
    "start": 1666703424047,
    "end": 1666703424047,
    "duration": 0,
    "pid": 59419,
    "index": 8
  },
  {
    "name": "Require(5) /Users/wangkai/wangkai/qf/b-hooks/react-project-server/node_modules/egg-onerror/config/config.default.js",
    "start": 1666703424047,
    "end": 1666703424047,
    "duration": 0,
    "pid": 59419,
    "index": 9
  },
  {
    "name": "Require(6) /Users/wangkai/wangkai/qf/b-hooks/react-project-server/node_modules/egg-i18n/config/config.default.js",
    "start": 1666703424047,
    "end": 1666703424047,
    "duration": 0,
    "pid": 59419,
    "index": 10
  },
  {
    "name": "Require(7) /Users/wangkai/wangkai/qf/b-hooks/react-project-server/node_modules/egg-schedule/config/config.default.js",
    "start": 1666703424047,
    "end": 1666703424047,
    "duration": 0,
    "pid": 59419,
    "index": 11
  },
  {
    "name": "Require(8) /Users/wangkai/wangkai/qf/b-hooks/react-project-server/node_modules/egg-multipart/config/config.default.js",
    "start": 1666703424047,
    "end": 1666703424047,
    "duration": 0,
    "pid": 59419,
    "index": 12
  },
  {
    "name": "Require(9) /Users/wangkai/wangkai/qf/b-hooks/react-project-server/node_modules/egg-static/config/config.default.js",
    "start": 1666703424047,
    "end": 1666703424047,
    "duration": 0,
    "pid": 59419,
    "index": 13
  },
  {
    "name": "Require(10) /Users/wangkai/wangkai/qf/b-hooks/react-project-server/node_modules/egg/config/config.default.js",
    "start": 1666703424047,
    "end": 1666703424047,
    "duration": 0,
    "pid": 59419,
    "index": 14
  },
  {
    "name": "Require(11) /Users/wangkai/wangkai/qf/b-hooks/react-project-server/node_modules/@midwayjs/web/config/config.default.js",
    "start": 1666703424048,
    "end": 1666703424048,
    "duration": 0,
    "pid": 59419,
    "index": 15
  },
  {
    "name": "Require(12) config/config.default.ts",
    "start": 1666703424048,
    "end": 1666703424048,
    "duration": 0,
    "pid": 59419,
    "index": 16
  },
  {
    "name": "Require(13) /Users/wangkai/wangkai/qf/b-hooks/react-project-server/node_modules/egg-security/config/config.local.js",
    "start": 1666703424048,
    "end": 1666703424048,
    "duration": 0,
    "pid": 59419,
    "index": 17
  },
  {
    "name": "Require(14) /Users/wangkai/wangkai/qf/b-hooks/react-project-server/node_modules/egg/config/config.local.js",
    "start": 1666703424048,
    "end": 1666703424048,
    "duration": 0,
    "pid": 59419,
    "index": 18
  },
  {
    "name": "Require(15) config/config.local.ts",
    "start": 1666703424048,
    "end": 1666703424048,
    "duration": 0,
    "pid": 59419,
    "index": 19
  },
  {
    "name": "Before Start in node_modules/@midwayjs/web/dist/framework/web.js:45:22",
    "start": 1666703424049,
    "end": 1666703424164,
    "duration": 115,
    "pid": 59419,
    "index": 20
  },
  {
    "name": "Load extend/application.js",
    "start": 1666703424054,
    "end": 1666703424063,
    "duration": 9,
    "pid": 59419,
    "index": 21
  },
  {
    "name": "Require(16) /Users/wangkai/wangkai/qf/b-hooks/react-project-server/node_modules/egg-session/app/extend/application.js",
    "start": 1666703424054,
    "end": 1666703424055,
    "duration": 1,
    "pid": 59419,
    "index": 22
  },
  {
    "name": "Require(17) /Users/wangkai/wangkai/qf/b-hooks/react-project-server/node_modules/egg-security/app/extend/application.js",
    "start": 1666703424055,
    "end": 1666703424057,
    "duration": 2,
    "pid": 59419,
    "index": 23
  },
  {
    "name": "Require(18) /Users/wangkai/wangkai/qf/b-hooks/react-project-server/node_modules/egg-jsonp/app/extend/application.js",
    "start": 1666703424057,
    "end": 1666703424058,
    "duration": 1,
    "pid": 59419,
    "index": 24
  },
  {
    "name": "Require(19) /Users/wangkai/wangkai/qf/b-hooks/react-project-server/node_modules/egg-schedule/app/extend/application.js",
    "start": 1666703424058,
    "end": 1666703424059,
    "duration": 1,
    "pid": 59419,
    "index": 25
  },
  {
    "name": "Require(20) /Users/wangkai/wangkai/qf/b-hooks/react-project-server/node_modules/egg-mock/app/extend/application.js",
    "start": 1666703424060,
    "end": 1666703424061,
    "duration": 1,
    "pid": 59419,
    "index": 26
  },
  {
    "name": "Require(21) /Users/wangkai/wangkai/qf/b-hooks/react-project-server/node_modules/@midwayjs/mock/app/extend/application.js",
    "start": 1666703424061,
    "end": 1666703424062,
    "duration": 1,
    "pid": 59419,
    "index": 27
  },
  {
    "name": "Require(22) /Users/wangkai/wangkai/qf/b-hooks/react-project-server/node_modules/@midwayjs/web/app/extend/application.js",
    "start": 1666703424063,
    "end": 1666703424063,
    "duration": 0,
    "pid": 59419,
    "index": 28
  },
  {
    "name": "Load extend/request.js",
    "start": 1666703424063,
    "end": 1666703424065,
    "duration": 2,
    "pid": 59419,
    "index": 29
  },
  {
    "name": "Require(23) /Users/wangkai/wangkai/qf/b-hooks/react-project-server/node_modules/egg/app/extend/request.js",
    "start": 1666703424063,
    "end": 1666703424064,
    "duration": 1,
    "pid": 59419,
    "index": 30
  },
  {
    "name": "Load extend/response.js",
    "start": 1666703424065,
    "end": 1666703424067,
    "duration": 2,
    "pid": 59419,
    "index": 31
  },
  {
    "name": "Require(24) /Users/wangkai/wangkai/qf/b-hooks/react-project-server/node_modules/egg/app/extend/response.js",
    "start": 1666703424065,
    "end": 1666703424066,
    "duration": 1,
    "pid": 59419,
    "index": 32
  },
  {
    "name": "Load extend/context.js",
    "start": 1666703424067,
    "end": 1666703424068,
    "duration": 1,
    "pid": 59419,
    "index": 33
  },
  {
    "name": "Require(25) /Users/wangkai/wangkai/qf/b-hooks/react-project-server/node_modules/egg-security/app/extend/context.js",
    "start": 1666703424067,
    "end": 1666703424067,
    "duration": 0,
    "pid": 59419,
    "index": 34
  },
  {
    "name": "Require(26) /Users/wangkai/wangkai/qf/b-hooks/react-project-server/node_modules/egg-jsonp/app/extend/context.js",
    "start": 1666703424067,
    "end": 1666703424067,
    "duration": 0,
    "pid": 59419,
    "index": 35
  },
  {
    "name": "Require(27) /Users/wangkai/wangkai/qf/b-hooks/react-project-server/node_modules/egg-i18n/app/extend/context.js",
    "start": 1666703424067,
    "end": 1666703424067,
    "duration": 0,
    "pid": 59419,
    "index": 36
  },
  {
    "name": "Require(28) /Users/wangkai/wangkai/qf/b-hooks/react-project-server/node_modules/egg-multipart/app/extend/context.js",
    "start": 1666703424067,
    "end": 1666703424067,
    "duration": 0,
    "pid": 59419,
    "index": 37
  },
  {
    "name": "Require(29) /Users/wangkai/wangkai/qf/b-hooks/react-project-server/node_modules/egg/app/extend/context.js",
    "start": 1666703424067,
    "end": 1666703424067,
    "duration": 0,
    "pid": 59419,
    "index": 38
  },
  {
    "name": "Require(30) /Users/wangkai/wangkai/qf/b-hooks/react-project-server/node_modules/@midwayjs/web/app/extend/context.js",
    "start": 1666703424067,
    "end": 1666703424067,
    "duration": 0,
    "pid": 59419,
    "index": 39
  },
  {
    "name": "Load extend/helper.js",
    "start": 1666703424068,
    "end": 1666703424083,
    "duration": 15,
    "pid": 59419,
    "index": 40
  },
  {
    "name": "Require(31) /Users/wangkai/wangkai/qf/b-hooks/react-project-server/node_modules/egg-security/app/extend/helper.js",
    "start": 1666703424068,
    "end": 1666703424082,
    "duration": 14,
    "pid": 59419,
    "index": 41
  },
  {
    "name": "Require(32) /Users/wangkai/wangkai/qf/b-hooks/react-project-server/node_modules/egg/app/extend/helper.js",
    "start": 1666703424082,
    "end": 1666703424082,
    "duration": 0,
    "pid": 59419,
    "index": 42
  },
  {
    "name": "Load app.js",
    "start": 1666703424083,
    "end": 1666703424102,
    "duration": 19,
    "pid": 59419,
    "index": 43
  },
  {
    "name": "Require(33) /Users/wangkai/wangkai/qf/b-hooks/react-project-server/node_modules/egg-session/app.js",
    "start": 1666703424083,
    "end": 1666703424083,
    "duration": 0,
    "pid": 59419,
    "index": 44
  },
  {
    "name": "Require(34) /Users/wangkai/wangkai/qf/b-hooks/react-project-server/node_modules/egg-security/app.js",
    "start": 1666703424083,
    "end": 1666703424085,
    "duration": 2,
    "pid": 59419,
    "index": 45
  },
  {
    "name": "Require(35) /Users/wangkai/wangkai/qf/b-hooks/react-project-server/node_modules/egg-onerror/app.js",
    "start": 1666703424085,
    "end": 1666703424089,
    "duration": 4,
    "pid": 59419,
    "index": 46
  },
  {
    "name": "Require(36) /Users/wangkai/wangkai/qf/b-hooks/react-project-server/node_modules/egg-i18n/app.js",
    "start": 1666703424089,
    "end": 1666703424097,
    "duration": 8,
    "pid": 59419,
    "index": 47
  },
  {
    "name": "Require(37) /Users/wangkai/wangkai/qf/b-hooks/react-project-server/node_modules/egg-schedule/app.js",
    "start": 1666703424097,
    "end": 1666703424098,
    "duration": 1,
    "pid": 59419,
    "index": 48
  },
  {
    "name": "Require(38) /Users/wangkai/wangkai/qf/b-hooks/react-project-server/node_modules/egg-multipart/app.js",
    "start": 1666703424098,
    "end": 1666703424099,
    "duration": 1,
    "pid": 59419,
    "index": 49
  },
  {
    "name": "Require(39) /Users/wangkai/wangkai/qf/b-hooks/react-project-server/node_modules/egg-static/app.js",
    "start": 1666703424099,
    "end": 1666703424099,
    "duration": 0,
    "pid": 59419,
    "index": 50
  },
  {
    "name": "Require(40) /Users/wangkai/wangkai/qf/b-hooks/react-project-server/node_modules/midway-schedule/app.js",
    "start": 1666703424099,
    "end": 1666703424099,
    "duration": 0,
    "pid": 59419,
    "index": 51
  },
  {
    "name": "Require(41) /Users/wangkai/wangkai/qf/b-hooks/react-project-server/node_modules/egg-mock/app.js",
    "start": 1666703424099,
    "end": 1666703424100,
    "duration": 1,
    "pid": 59419,
    "index": 52
  },
  {
    "name": "Require(42) /Users/wangkai/wangkai/qf/b-hooks/react-project-server/node_modules/@midwayjs/web/app.js",
    "start": 1666703424100,
    "end": 1666703424101,
    "duration": 1,
    "pid": 59419,
    "index": 53
  },
  {
    "name": "Did Load in /Users/wangkai/wangkai/qf/b-hooks/react-project-server/node_modules/@midwayjs/web/app.js:didLoad",
    "start": 1666703424107,
    "end": 1666703424164,
    "duration": 57,
    "pid": 59419,
    "index": 54
  },
  {
    "name": "Load Service",
    "start": 1666703424107,
    "end": 1666703424110,
    "duration": 3,
    "pid": 59419,
    "index": 55
  },
  {
    "name": "Load \"service\" to Context",
    "start": 1666703424107,
    "end": 1666703424110,
    "duration": 3,
    "pid": 59419,
    "index": 56
  },
  {
    "name": "Load Middleware",
    "start": 1666703424110,
    "end": 1666703424163,
    "duration": 53,
    "pid": 59419,
    "index": 57
  },
  {
    "name": "Load \"middlewares\" to Application",
    "start": 1666703424110,
    "end": 1666703424163,
    "duration": 53,
    "pid": 59419,
    "index": 58
  },
  {
    "name": "Load Controller",
    "start": 1666703424163,
    "end": 1666703424163,
    "duration": 0,
    "pid": 59419,
    "index": 59
  },
  {
    "name": "Load \"controller\" to Application",
    "start": 1666703424163,
    "end": 1666703424163,
    "duration": 0,
    "pid": 59419,
    "index": 60
  },
  {
    "name": "Load Router",
    "start": 1666703424163,
    "end": 1666703424163,
    "duration": 0,
    "pid": 59419,
    "index": 61
  },
  {
    "name": "Will Ready in /Users/wangkai/wangkai/qf/b-hooks/react-project-server/node_modules/@midwayjs/web/app.js:willReady",
    "start": 1666703424164,
    "end": 1666703424556,
    "duration": 392,
    "pid": 59419,
    "index": 62
  }
]