[
  {
    "name": "Process Start",
    "start": 1662964221939,
    "end": 1662964223933,
    "duration": 1994,
    "pid": 26637,
    "index": 0
  },
  {
    "name": "Application Start",
    "start": 1662964223933,
    "end": 1662964224469,
    "duration": 536,
    "pid": 26637,
    "index": 1
  },
  {
    "name": "Load Plugin",
    "start": 1662964223934,
    "end": 1662964223935,
    "duration": 1,
    "pid": 26637,
    "index": 2
  },
  {
    "name": "Load Config",
    "start": 1662964223935,
    "end": 1662964223938,
    "duration": 3,
    "pid": 26637,
    "index": 3
  },
  {
    "name": "Require(0) config/config.default.ts",
    "start": 1662964223935,
    "end": 1662964223935,
    "duration": 0,
    "pid": 26637,
    "index": 4
  },
  {
    "name": "Require(1) config/config.local.ts",
    "start": 1662964223935,
    "end": 1662964223935,
    "duration": 0,
    "pid": 26637,
    "index": 5
  },
  {
    "name": "Require(2) /Users/wangkai/wangkai/liujie/jinhaiwuliu-server/node_modules/egg-session/config/config.default.js",
    "start": 1662964223936,
    "end": 1662964223936,
    "duration": 0,
    "pid": 26637,
    "index": 6
  },
  {
    "name": "Require(3) /Users/wangkai/wangkai/liujie/jinhaiwuliu-server/node_modules/egg-security/config/config.default.js",
    "start": 1662964223936,
    "end": 1662964223936,
    "duration": 0,
    "pid": 26637,
    "index": 7
  },
  {
    "name": "Require(4) /Users/wangkai/wangkai/liujie/jinhaiwuliu-server/node_modules/egg-jsonp/config/config.default.js",
    "start": 1662964223936,
    "end": 1662964223936,
    "duration": 0,
    "pid": 26637,
    "index": 8
  },
  {
    "name": "Require(5) /Users/wangkai/wangkai/liujie/jinhaiwuliu-server/node_modules/egg-onerror/config/config.default.js",
    "start": 1662964223936,
    "end": 1662964223936,
    "duration": 0,
    "pid": 26637,
    "index": 9
  },
  {
    "name": "Require(6) /Users/wangkai/wangkai/liujie/jinhaiwuliu-server/node_modules/egg-i18n/config/config.default.js",
    "start": 1662964223936,
    "end": 1662964223936,
    "duration": 0,
    "pid": 26637,
    "index": 10
  },
  {
    "name": "Require(7) /Users/wangkai/wangkai/liujie/jinhaiwuliu-server/node_modules/egg-schedule/config/config.default.js",
    "start": 1662964223936,
    "end": 1662964223936,
    "duration": 0,
    "pid": 26637,
    "index": 11
  },
  {
    "name": "Require(8) /Users/wangkai/wangkai/liujie/jinhaiwuliu-server/node_modules/egg-multipart/config/config.default.js",
    "start": 1662964223936,
    "end": 1662964223936,
    "duration": 0,
    "pid": 26637,
    "index": 12
  },
  {
    "name": "Require(9) /Users/wangkai/wangkai/liujie/jinhaiwuliu-server/node_modules/egg-static/config/config.default.js",
    "start": 1662964223936,
    "end": 1662964223936,
    "duration": 0,
    "pid": 26637,
    "index": 13
  },
  {
    "name": "Require(10) /Users/wangkai/wangkai/liujie/jinhaiwuliu-server/node_modules/egg/config/config.default.js",
    "start": 1662964223936,
    "end": 1662964223936,
    "duration": 0,
    "pid": 26637,
    "index": 14
  },
  {
    "name": "Require(11) /Users/wangkai/wangkai/liujie/jinhaiwuliu-server/node_modules/@midwayjs/web/config/config.default.js",
    "start": 1662964223937,
    "end": 1662964223937,
    "duration": 0,
    "pid": 26637,
    "index": 15
  },
  {
    "name": "Require(12) config/config.default.ts",
    "start": 1662964223937,
    "end": 1662964223937,
    "duration": 0,
    "pid": 26637,
    "index": 16
  },
  {
    "name": "Require(13) /Users/wangkai/wangkai/liujie/jinhaiwuliu-server/node_modules/egg-security/config/config.local.js",
    "start": 1662964223937,
    "end": 1662964223937,
    "duration": 0,
    "pid": 26637,
    "index": 17
  },
  {
    "name": "Require(14) /Users/wangkai/wangkai/liujie/jinhaiwuliu-server/node_modules/egg/config/config.local.js",
    "start": 1662964223937,
    "end": 1662964223937,
    "duration": 0,
    "pid": 26637,
    "index": 18
  },
  {
    "name": "Require(15) config/config.local.ts",
    "start": 1662964223937,
    "end": 1662964223937,
    "duration": 0,
    "pid": 26637,
    "index": 19
  },
  {
    "name": "Before Start in node_modules/@midwayjs/web/dist/framework/web.js:45:22",
    "start": 1662964223938,
    "end": 1662964224038,
    "duration": 100,
    "pid": 26637,
    "index": 20
  },
  {
    "name": "Load extend/application.js",
    "start": 1662964223944,
    "end": 1662964223950,
    "duration": 6,
    "pid": 26637,
    "index": 21
  },
  {
    "name": "Require(16) /Users/wangkai/wangkai/liujie/jinhaiwuliu-server/node_modules/egg-session/app/extend/application.js",
    "start": 1662964223944,
    "end": 1662964223945,
    "duration": 1,
    "pid": 26637,
    "index": 22
  },
  {
    "name": "Require(17) /Users/wangkai/wangkai/liujie/jinhaiwuliu-server/node_modules/egg-security/app/extend/application.js",
    "start": 1662964223945,
    "end": 1662964223945,
    "duration": 0,
    "pid": 26637,
    "index": 23
  },
  {
    "name": "Require(18) /Users/wangkai/wangkai/liujie/jinhaiwuliu-server/node_modules/egg-jsonp/app/extend/application.js",
    "start": 1662964223945,
    "end": 1662964223946,
    "duration": 1,
    "pid": 26637,
    "index": 24
  },
  {
    "name": "Require(19) /Users/wangkai/wangkai/liujie/jinhaiwuliu-server/node_modules/egg-schedule/app/extend/application.js",
    "start": 1662964223946,
    "end": 1662964223947,
    "duration": 1,
    "pid": 26637,
    "index": 25
  },
  {
    "name": "Require(20) /Users/wangkai/wangkai/liujie/jinhaiwuliu-server/node_modules/egg-mock/app/extend/application.js",
    "start": 1662964223947,
    "end": 1662964223948,
    "duration": 1,
    "pid": 26637,
    "index": 26
  },
  {
    "name": "Require(21) /Users/wangkai/wangkai/liujie/jinhaiwuliu-server/node_modules/@midwayjs/mock/app/extend/application.js",
    "start": 1662964223948,
    "end": 1662964223949,
    "duration": 1,
    "pid": 26637,
    "index": 27
  },
  {
    "name": "Require(22) /Users/wangkai/wangkai/liujie/jinhaiwuliu-server/node_modules/@midwayjs/web/app/extend/application.js",
    "start": 1662964223949,
    "end": 1662964223950,
    "duration": 1,
    "pid": 26637,
    "index": 28
  },
  {
    "name": "Load extend/request.js",
    "start": 1662964223950,
    "end": 1662964223956,
    "duration": 6,
    "pid": 26637,
    "index": 29
  },
  {
    "name": "Require(23) /Users/wangkai/wangkai/liujie/jinhaiwuliu-server/node_modules/egg/app/extend/request.js",
    "start": 1662964223952,
    "end": 1662964223955,
    "duration": 3,
    "pid": 26637,
    "index": 30
  },
  {
    "name": "Load extend/response.js",
    "start": 1662964223956,
    "end": 1662964223958,
    "duration": 2,
    "pid": 26637,
    "index": 31
  },
  {
    "name": "Require(24) /Users/wangkai/wangkai/liujie/jinhaiwuliu-server/node_modules/egg/app/extend/response.js",
    "start": 1662964223956,
    "end": 1662964223957,
    "duration": 1,
    "pid": 26637,
    "index": 32
  },
  {
    "name": "Load extend/context.js",
    "start": 1662964223958,
    "end": 1662964223959,
    "duration": 1,
    "pid": 26637,
    "index": 33
  },
  {
    "name": "Require(25) /Users/wangkai/wangkai/liujie/jinhaiwuliu-server/node_modules/egg-security/app/extend/context.js",
    "start": 1662964223958,
    "end": 1662964223958,
    "duration": 0,
    "pid": 26637,
    "index": 34
  },
  {
    "name": "Require(26) /Users/wangkai/wangkai/liujie/jinhaiwuliu-server/node_modules/egg-jsonp/app/extend/context.js",
    "start": 1662964223958,
    "end": 1662964223958,
    "duration": 0,
    "pid": 26637,
    "index": 35
  },
  {
    "name": "Require(27) /Users/wangkai/wangkai/liujie/jinhaiwuliu-server/node_modules/egg-i18n/app/extend/context.js",
    "start": 1662964223958,
    "end": 1662964223958,
    "duration": 0,
    "pid": 26637,
    "index": 36
  },
  {
    "name": "Require(28) /Users/wangkai/wangkai/liujie/jinhaiwuliu-server/node_modules/egg-multipart/app/extend/context.js",
    "start": 1662964223958,
    "end": 1662964223958,
    "duration": 0,
    "pid": 26637,
    "index": 37
  },
  {
    "name": "Require(29) /Users/wangkai/wangkai/liujie/jinhaiwuliu-server/node_modules/egg/app/extend/context.js",
    "start": 1662964223958,
    "end": 1662964223958,
    "duration": 0,
    "pid": 26637,
    "index": 38
  },
  {
    "name": "Require(30) /Users/wangkai/wangkai/liujie/jinhaiwuliu-server/node_modules/@midwayjs/web/app/extend/context.js",
    "start": 1662964223958,
    "end": 1662964223958,
    "duration": 0,
    "pid": 26637,
    "index": 39
  },
  {
    "name": "Load extend/helper.js",
    "start": 1662964223959,
    "end": 1662964223973,
    "duration": 14,
    "pid": 26637,
    "index": 40
  },
  {
    "name": "Require(31) /Users/wangkai/wangkai/liujie/jinhaiwuliu-server/node_modules/egg-security/app/extend/helper.js",
    "start": 1662964223959,
    "end": 1662964223972,
    "duration": 13,
    "pid": 26637,
    "index": 41
  },
  {
    "name": "Require(32) /Users/wangkai/wangkai/liujie/jinhaiwuliu-server/node_modules/egg/app/extend/helper.js",
    "start": 1662964223972,
    "end": 1662964223972,
    "duration": 0,
    "pid": 26637,
    "index": 42
  },
  {
    "name": "Load app.js",
    "start": 1662964223973,
    "end": 1662964223992,
    "duration": 19,
    "pid": 26637,
    "index": 43
  },
  {
    "name": "Require(33) /Users/wangkai/wangkai/liujie/jinhaiwuliu-server/node_modules/egg-session/app.js",
    "start": 1662964223973,
    "end": 1662964223974,
    "duration": 1,
    "pid": 26637,
    "index": 44
  },
  {
    "name": "Require(34) /Users/wangkai/wangkai/liujie/jinhaiwuliu-server/node_modules/egg-security/app.js",
    "start": 1662964223974,
    "end": 1662964223975,
    "duration": 1,
    "pid": 26637,
    "index": 45
  },
  {
    "name": "Require(35) /Users/wangkai/wangkai/liujie/jinhaiwuliu-server/node_modules/egg-onerror/app.js",
    "start": 1662964223975,
    "end": 1662964223979,
    "duration": 4,
    "pid": 26637,
    "index": 46
  },
  {
    "name": "Require(36) /Users/wangkai/wangkai/liujie/jinhaiwuliu-server/node_modules/egg-i18n/app.js",
    "start": 1662964223980,
    "end": 1662964223988,
    "duration": 8,
    "pid": 26637,
    "index": 47
  },
  {
    "name": "Require(37) /Users/wangkai/wangkai/liujie/jinhaiwuliu-server/node_modules/egg-schedule/app.js",
    "start": 1662964223989,
    "end": 1662964223989,
    "duration": 0,
    "pid": 26637,
    "index": 48
  },
  {
    "name": "Require(38) /Users/wangkai/wangkai/liujie/jinhaiwuliu-server/node_modules/egg-multipart/app.js",
    "start": 1662964223989,
    "end": 1662964223990,
    "duration": 1,
    "pid": 26637,
    "index": 49
  },
  {
    "name": "Require(39) /Users/wangkai/wangkai/liujie/jinhaiwuliu-server/node_modules/egg-static/app.js",
    "start": 1662964223990,
    "end": 1662964223990,
    "duration": 0,
    "pid": 26637,
    "index": 50
  },
  {
    "name": "Require(40) /Users/wangkai/wangkai/liujie/jinhaiwuliu-server/node_modules/midway-schedule/app.js",
    "start": 1662964223990,
    "end": 1662964223991,
    "duration": 1,
    "pid": 26637,
    "index": 51
  },
  {
    "name": "Require(41) /Users/wangkai/wangkai/liujie/jinhaiwuliu-server/node_modules/egg-mock/app.js",
    "start": 1662964223991,
    "end": 1662964223991,
    "duration": 0,
    "pid": 26637,
    "index": 52
  },
  {
    "name": "Require(42) /Users/wangkai/wangkai/liujie/jinhaiwuliu-server/node_modules/@midwayjs/web/app.js",
    "start": 1662964223992,
    "end": 1662964223992,
    "duration": 0,
    "pid": 26637,
    "index": 53
  },
  {
    "name": "Did Load in /Users/wangkai/wangkai/liujie/jinhaiwuliu-server/node_modules/@midwayjs/web/app.js:didLoad",
    "start": 1662964223997,
    "end": 1662964224038,
    "duration": 41,
    "pid": 26637,
    "index": 54
  },
  {
    "name": "Load Service",
    "start": 1662964223997,
    "end": 1662964224000,
    "duration": 3,
    "pid": 26637,
    "index": 55
  },
  {
    "name": "Load \"service\" to Context",
    "start": 1662964223998,
    "end": 1662964224000,
    "duration": 2,
    "pid": 26637,
    "index": 56
  },
  {
    "name": "Load Middleware",
    "start": 1662964224000,
    "end": 1662964224037,
    "duration": 37,
    "pid": 26637,
    "index": 57
  },
  {
    "name": "Load \"middlewares\" to Application",
    "start": 1662964224000,
    "end": 1662964224037,
    "duration": 37,
    "pid": 26637,
    "index": 58
  },
  {
    "name": "Load Controller",
    "start": 1662964224037,
    "end": 1662964224037,
    "duration": 0,
    "pid": 26637,
    "index": 59
  },
  {
    "name": "Load \"controller\" to Application",
    "start": 1662964224037,
    "end": 1662964224037,
    "duration": 0,
    "pid": 26637,
    "index": 60
  },
  {
    "name": "Load Router",
    "start": 1662964224037,
    "end": 1662964224037,
    "duration": 0,
    "pid": 26637,
    "index": 61
  },
  {
    "name": "Will Ready in /Users/wangkai/wangkai/liujie/jinhaiwuliu-server/node_modules/@midwayjs/web/app.js:willReady",
    "start": 1662964224038,
    "end": 1662964224469,
    "duration": 431,
    "pid": 26637,
    "index": 62
  }
]