[
  {
    "name": "Process Start",
    "start": 1663595644839,
    "end": 1663595645170,
    "duration": 331,
    "pid": 75973,
    "index": 0
  },
  {
    "name": "Application Start",
    "start": 1663595645170,
    "end": 1663595645969,
    "duration": 799,
    "pid": 75973,
    "index": 1
  },
  {
    "name": "Load Plugin",
    "start": 1663595645176,
    "end": 1663595645183,
    "duration": 7,
    "pid": 75973,
    "index": 2
  },
  {
    "name": "Load Config",
    "start": 1663595645183,
    "end": 1663595645223,
    "duration": 40,
    "pid": 75973,
    "index": 3
  },
  {
    "name": "Require(0) config/config.default.js",
    "start": 1663595645184,
    "end": 1663595645184,
    "duration": 0,
    "pid": 75973,
    "index": 4
  },
  {
    "name": "Require(1) config/config.prod.js",
    "start": 1663595645184,
    "end": 1663595645184,
    "duration": 0,
    "pid": 75973,
    "index": 5
  },
  {
    "name": "Require(2) /Users/wangkai/wangkai/liujie/jinhaiwuliu-server/node_modules/egg-session/config/config.default.js",
    "start": 1663595645211,
    "end": 1663595645211,
    "duration": 0,
    "pid": 75973,
    "index": 6
  },
  {
    "name": "Require(3) /Users/wangkai/wangkai/liujie/jinhaiwuliu-server/node_modules/egg-security/config/config.default.js",
    "start": 1663595645211,
    "end": 1663595645211,
    "duration": 0,
    "pid": 75973,
    "index": 7
  },
  {
    "name": "Require(4) /Users/wangkai/wangkai/liujie/jinhaiwuliu-server/node_modules/egg-jsonp/config/config.default.js",
    "start": 1663595645212,
    "end": 1663595645212,
    "duration": 0,
    "pid": 75973,
    "index": 8
  },
  {
    "name": "Require(5) /Users/wangkai/wangkai/liujie/jinhaiwuliu-server/node_modules/egg-onerror/config/config.default.js",
    "start": 1663595645212,
    "end": 1663595645212,
    "duration": 0,
    "pid": 75973,
    "index": 9
  },
  {
    "name": "Require(6) /Users/wangkai/wangkai/liujie/jinhaiwuliu-server/node_modules/egg-i18n/config/config.default.js",
    "start": 1663595645212,
    "end": 1663595645212,
    "duration": 0,
    "pid": 75973,
    "index": 10
  },
  {
    "name": "Require(7) /Users/wangkai/wangkai/liujie/jinhaiwuliu-server/node_modules/egg-schedule/config/config.default.js",
    "start": 1663595645212,
    "end": 1663595645212,
    "duration": 0,
    "pid": 75973,
    "index": 11
  },
  {
    "name": "Require(8) /Users/wangkai/wangkai/liujie/jinhaiwuliu-server/node_modules/egg-multipart/config/config.default.js",
    "start": 1663595645212,
    "end": 1663595645212,
    "duration": 0,
    "pid": 75973,
    "index": 12
  },
  {
    "name": "Require(9) /Users/wangkai/wangkai/liujie/jinhaiwuliu-server/node_modules/egg-static/config/config.default.js",
    "start": 1663595645213,
    "end": 1663595645215,
    "duration": 2,
    "pid": 75973,
    "index": 13
  },
  {
    "name": "Require(10) /Users/wangkai/wangkai/liujie/jinhaiwuliu-server/node_modules/egg/config/config.default.js",
    "start": 1663595645215,
    "end": 1663595645215,
    "duration": 0,
    "pid": 75973,
    "index": 14
  },
  {
    "name": "Require(11) /Users/wangkai/wangkai/liujie/jinhaiwuliu-server/node_modules/@midwayjs/web/config/config.default.js",
    "start": 1663595645217,
    "end": 1663595645220,
    "duration": 3,
    "pid": 75973,
    "index": 15
  },
  {
    "name": "Require(12) config/config.default.js",
    "start": 1663595645221,
    "end": 1663595645221,
    "duration": 0,
    "pid": 75973,
    "index": 16
  },
  {
    "name": "Require(13) /Users/wangkai/wangkai/liujie/jinhaiwuliu-server/node_modules/egg-static/config/config.prod.js",
    "start": 1663595645222,
    "end": 1663595645222,
    "duration": 0,
    "pid": 75973,
    "index": 17
  },
  {
    "name": "Require(14) config/config.prod.js",
    "start": 1663595645223,
    "end": 1663595645223,
    "duration": 0,
    "pid": 75973,
    "index": 18
  },
  {
    "name": "Before Start in node_modules/@midwayjs/web/dist/framework/web.js:45:22",
    "start": 1663595645224,
    "end": 1663595645260,
    "duration": 36,
    "pid": 75973,
    "index": 19
  },
  {
    "name": "Before Start in node_modules/@midwayjs/web/dist/base.js:124:26",
    "start": 1663595645224,
    "end": 1663595645844,
    "duration": 620,
    "pid": 75973,
    "index": 20
  },
  {
    "name": "Load extend/application.js",
    "start": 1663595645730,
    "end": 1663595645734,
    "duration": 4,
    "pid": 75973,
    "index": 21
  },
  {
    "name": "Require(15) /Users/wangkai/wangkai/liujie/jinhaiwuliu-server/node_modules/egg-session/app/extend/application.js",
    "start": 1663595645730,
    "end": 1663595645731,
    "duration": 1,
    "pid": 75973,
    "index": 22
  },
  {
    "name": "Require(16) /Users/wangkai/wangkai/liujie/jinhaiwuliu-server/node_modules/egg-security/app/extend/application.js",
    "start": 1663595645731,
    "end": 1663595645731,
    "duration": 0,
    "pid": 75973,
    "index": 23
  },
  {
    "name": "Require(17) /Users/wangkai/wangkai/liujie/jinhaiwuliu-server/node_modules/egg-jsonp/app/extend/application.js",
    "start": 1663595645731,
    "end": 1663595645732,
    "duration": 1,
    "pid": 75973,
    "index": 24
  },
  {
    "name": "Require(18) /Users/wangkai/wangkai/liujie/jinhaiwuliu-server/node_modules/egg-schedule/app/extend/application.js",
    "start": 1663595645732,
    "end": 1663595645733,
    "duration": 1,
    "pid": 75973,
    "index": 25
  },
  {
    "name": "Require(19) /Users/wangkai/wangkai/liujie/jinhaiwuliu-server/node_modules/@midwayjs/web/app/extend/application.js",
    "start": 1663595645733,
    "end": 1663595645733,
    "duration": 0,
    "pid": 75973,
    "index": 26
  },
  {
    "name": "Load extend/request.js",
    "start": 1663595645734,
    "end": 1663595645735,
    "duration": 1,
    "pid": 75973,
    "index": 27
  },
  {
    "name": "Require(20) /Users/wangkai/wangkai/liujie/jinhaiwuliu-server/node_modules/egg/app/extend/request.js",
    "start": 1663595645734,
    "end": 1663595645735,
    "duration": 1,
    "pid": 75973,
    "index": 28
  },
  {
    "name": "Load extend/response.js",
    "start": 1663595645735,
    "end": 1663595645737,
    "duration": 2,
    "pid": 75973,
    "index": 29
  },
  {
    "name": "Require(21) /Users/wangkai/wangkai/liujie/jinhaiwuliu-server/node_modules/egg/app/extend/response.js",
    "start": 1663595645735,
    "end": 1663595645736,
    "duration": 1,
    "pid": 75973,
    "index": 30
  },
  {
    "name": "Load extend/context.js",
    "start": 1663595645737,
    "end": 1663595645761,
    "duration": 24,
    "pid": 75973,
    "index": 31
  },
  {
    "name": "Require(22) /Users/wangkai/wangkai/liujie/jinhaiwuliu-server/node_modules/egg-security/app/extend/context.js",
    "start": 1663595645737,
    "end": 1663595645739,
    "duration": 2,
    "pid": 75973,
    "index": 32
  },
  {
    "name": "Require(23) /Users/wangkai/wangkai/liujie/jinhaiwuliu-server/node_modules/egg-jsonp/app/extend/context.js",
    "start": 1663595645739,
    "end": 1663595645739,
    "duration": 0,
    "pid": 75973,
    "index": 33
  },
  {
    "name": "Require(24) /Users/wangkai/wangkai/liujie/jinhaiwuliu-server/node_modules/egg-i18n/app/extend/context.js",
    "start": 1663595645740,
    "end": 1663595645741,
    "duration": 1,
    "pid": 75973,
    "index": 34
  },
  {
    "name": "Require(25) /Users/wangkai/wangkai/liujie/jinhaiwuliu-server/node_modules/egg-multipart/app/extend/context.js",
    "start": 1663595645741,
    "end": 1663595645760,
    "duration": 19,
    "pid": 75973,
    "index": 35
  },
  {
    "name": "Require(26) /Users/wangkai/wangkai/liujie/jinhaiwuliu-server/node_modules/egg/app/extend/context.js",
    "start": 1663595645760,
    "end": 1663595645761,
    "duration": 1,
    "pid": 75973,
    "index": 36
  },
  {
    "name": "Require(27) /Users/wangkai/wangkai/liujie/jinhaiwuliu-server/node_modules/@midwayjs/web/app/extend/context.js",
    "start": 1663595645761,
    "end": 1663595645761,
    "duration": 0,
    "pid": 75973,
    "index": 37
  },
  {
    "name": "Load extend/helper.js",
    "start": 1663595645761,
    "end": 1663595645771,
    "duration": 10,
    "pid": 75973,
    "index": 38
  },
  {
    "name": "Require(28) /Users/wangkai/wangkai/liujie/jinhaiwuliu-server/node_modules/egg-security/app/extend/helper.js",
    "start": 1663595645761,
    "end": 1663595645770,
    "duration": 9,
    "pid": 75973,
    "index": 39
  },
  {
    "name": "Require(29) /Users/wangkai/wangkai/liujie/jinhaiwuliu-server/node_modules/egg/app/extend/helper.js",
    "start": 1663595645770,
    "end": 1663595645770,
    "duration": 0,
    "pid": 75973,
    "index": 40
  },
  {
    "name": "Load app.js",
    "start": 1663595645771,
    "end": 1663595645784,
    "duration": 13,
    "pid": 75973,
    "index": 41
  },
  {
    "name": "Require(30) /Users/wangkai/wangkai/liujie/jinhaiwuliu-server/node_modules/egg-session/app.js",
    "start": 1663595645771,
    "end": 1663595645771,
    "duration": 0,
    "pid": 75973,
    "index": 42
  },
  {
    "name": "Require(31) /Users/wangkai/wangkai/liujie/jinhaiwuliu-server/node_modules/egg-security/app.js",
    "start": 1663595645771,
    "end": 1663595645771,
    "duration": 0,
    "pid": 75973,
    "index": 43
  },
  {
    "name": "Require(32) /Users/wangkai/wangkai/liujie/jinhaiwuliu-server/node_modules/egg-onerror/app.js",
    "start": 1663595645772,
    "end": 1663595645774,
    "duration": 2,
    "pid": 75973,
    "index": 44
  },
  {
    "name": "Require(33) /Users/wangkai/wangkai/liujie/jinhaiwuliu-server/node_modules/egg-i18n/app.js",
    "start": 1663595645774,
    "end": 1663595645782,
    "duration": 8,
    "pid": 75973,
    "index": 45
  },
  {
    "name": "Require(34) /Users/wangkai/wangkai/liujie/jinhaiwuliu-server/node_modules/egg-schedule/app.js",
    "start": 1663595645783,
    "end": 1663595645783,
    "duration": 0,
    "pid": 75973,
    "index": 46
  },
  {
    "name": "Require(35) /Users/wangkai/wangkai/liujie/jinhaiwuliu-server/node_modules/egg-multipart/app.js",
    "start": 1663595645783,
    "end": 1663595645783,
    "duration": 0,
    "pid": 75973,
    "index": 47
  },
  {
    "name": "Require(36) /Users/wangkai/wangkai/liujie/jinhaiwuliu-server/node_modules/egg-static/app.js",
    "start": 1663595645783,
    "end": 1663595645784,
    "duration": 1,
    "pid": 75973,
    "index": 48
  },
  {
    "name": "Require(37) /Users/wangkai/wangkai/liujie/jinhaiwuliu-server/node_modules/midway-schedule/app.js",
    "start": 1663595645784,
    "end": 1663595645784,
    "duration": 0,
    "pid": 75973,
    "index": 49
  },
  {
    "name": "Require(38) /Users/wangkai/wangkai/liujie/jinhaiwuliu-server/node_modules/@midwayjs/web/app.js",
    "start": 1663595645784,
    "end": 1663595645784,
    "duration": 0,
    "pid": 75973,
    "index": 50
  },
  {
    "name": "Did Load in /Users/wangkai/wangkai/liujie/jinhaiwuliu-server/node_modules/@midwayjs/web/app.js:didLoad",
    "start": 1663595645796,
    "end": 1663595645845,
    "duration": 49,
    "pid": 75973,
    "index": 51
  },
  {
    "name": "Load Service",
    "start": 1663595645796,
    "end": 1663595645797,
    "duration": 1,
    "pid": 75973,
    "index": 52
  },
  {
    "name": "Load \"service\" to Context",
    "start": 1663595645796,
    "end": 1663595645797,
    "duration": 1,
    "pid": 75973,
    "index": 53
  },
  {
    "name": "Load Middleware",
    "start": 1663595645797,
    "end": 1663595645844,
    "duration": 47,
    "pid": 75973,
    "index": 54
  },
  {
    "name": "Load \"middlewares\" to Application",
    "start": 1663595645798,
    "end": 1663595645844,
    "duration": 46,
    "pid": 75973,
    "index": 55
  },
  {
    "name": "Load Controller",
    "start": 1663595645844,
    "end": 1663595645844,
    "duration": 0,
    "pid": 75973,
    "index": 56
  },
  {
    "name": "Load \"controller\" to Application",
    "start": 1663595645844,
    "end": 1663595645844,
    "duration": 0,
    "pid": 75973,
    "index": 57
  },
  {
    "name": "Load Router",
    "start": 1663595645844,
    "end": 1663595645844,
    "duration": 0,
    "pid": 75973,
    "index": 58
  },
  {
    "name": "Will Ready in /Users/wangkai/wangkai/liujie/jinhaiwuliu-server/node_modules/@midwayjs/web/app.js:willReady",
    "start": 1663595645845,
    "end": 1663595645968,
    "duration": 123,
    "pid": 75973,
    "index": 59
  }
]