[
  {
    "name": "Process Start",
    "start": 1668069347061,
    "end": 1668069349363,
    "duration": 2302,
    "pid": 90677,
    "index": 0
  },
  {
    "name": "Application Start",
    "start": 1668069349364,
    "end": 1668069349983,
    "duration": 619,
    "pid": 90677,
    "index": 1
  },
  {
    "name": "Load Plugin",
    "start": 1668069349364,
    "end": 1668069349365,
    "duration": 1,
    "pid": 90677,
    "index": 2
  },
  {
    "name": "Load Config",
    "start": 1668069349365,
    "end": 1668069349368,
    "duration": 3,
    "pid": 90677,
    "index": 3
  },
  {
    "name": "Require(0) config/config.default.ts",
    "start": 1668069349365,
    "end": 1668069349365,
    "duration": 0,
    "pid": 90677,
    "index": 4
  },
  {
    "name": "Require(1) config/config.local.ts",
    "start": 1668069349365,
    "end": 1668069349365,
    "duration": 0,
    "pid": 90677,
    "index": 5
  },
  {
    "name": "Require(2) /Users/wangkai/wangkai/qf/b-hooks/react-project-server/node_modules/egg-session/config/config.default.js",
    "start": 1668069349366,
    "end": 1668069349366,
    "duration": 0,
    "pid": 90677,
    "index": 6
  },
  {
    "name": "Require(3) /Users/wangkai/wangkai/qf/b-hooks/react-project-server/node_modules/egg-security/config/config.default.js",
    "start": 1668069349366,
    "end": 1668069349366,
    "duration": 0,
    "pid": 90677,
    "index": 7
  },
  {
    "name": "Require(4) /Users/wangkai/wangkai/qf/b-hooks/react-project-server/node_modules/egg-jsonp/config/config.default.js",
    "start": 1668069349366,
    "end": 1668069349366,
    "duration": 0,
    "pid": 90677,
    "index": 8
  },
  {
    "name": "Require(5) /Users/wangkai/wangkai/qf/b-hooks/react-project-server/node_modules/egg-onerror/config/config.default.js",
    "start": 1668069349366,
    "end": 1668069349366,
    "duration": 0,
    "pid": 90677,
    "index": 9
  },
  {
    "name": "Require(6) /Users/wangkai/wangkai/qf/b-hooks/react-project-server/node_modules/egg-i18n/config/config.default.js",
    "start": 1668069349366,
    "end": 1668069349366,
    "duration": 0,
    "pid": 90677,
    "index": 10
  },
  {
    "name": "Require(7) /Users/wangkai/wangkai/qf/b-hooks/react-project-server/node_modules/egg-schedule/config/config.default.js",
    "start": 1668069349366,
    "end": 1668069349366,
    "duration": 0,
    "pid": 90677,
    "index": 11
  },
  {
    "name": "Require(8) /Users/wangkai/wangkai/qf/b-hooks/react-project-server/node_modules/egg-multipart/config/config.default.js",
    "start": 1668069349366,
    "end": 1668069349366,
    "duration": 0,
    "pid": 90677,
    "index": 12
  },
  {
    "name": "Require(9) /Users/wangkai/wangkai/qf/b-hooks/react-project-server/node_modules/egg-static/config/config.default.js",
    "start": 1668069349366,
    "end": 1668069349366,
    "duration": 0,
    "pid": 90677,
    "index": 13
  },
  {
    "name": "Require(10) /Users/wangkai/wangkai/qf/b-hooks/react-project-server/node_modules/egg/config/config.default.js",
    "start": 1668069349366,
    "end": 1668069349366,
    "duration": 0,
    "pid": 90677,
    "index": 14
  },
  {
    "name": "Require(11) /Users/wangkai/wangkai/qf/b-hooks/react-project-server/node_modules/@midwayjs/web/config/config.default.js",
    "start": 1668069349367,
    "end": 1668069349367,
    "duration": 0,
    "pid": 90677,
    "index": 15
  },
  {
    "name": "Require(12) config/config.default.ts",
    "start": 1668069349367,
    "end": 1668069349367,
    "duration": 0,
    "pid": 90677,
    "index": 16
  },
  {
    "name": "Require(13) /Users/wangkai/wangkai/qf/b-hooks/react-project-server/node_modules/egg-security/config/config.local.js",
    "start": 1668069349367,
    "end": 1668069349367,
    "duration": 0,
    "pid": 90677,
    "index": 17
  },
  {
    "name": "Require(14) /Users/wangkai/wangkai/qf/b-hooks/react-project-server/node_modules/egg/config/config.local.js",
    "start": 1668069349367,
    "end": 1668069349367,
    "duration": 0,
    "pid": 90677,
    "index": 18
  },
  {
    "name": "Require(15) config/config.local.ts",
    "start": 1668069349367,
    "end": 1668069349367,
    "duration": 0,
    "pid": 90677,
    "index": 19
  },
  {
    "name": "Before Start in node_modules/@midwayjs/web/dist/framework/web.js:45:22",
    "start": 1668069349368,
    "end": 1668069349471,
    "duration": 103,
    "pid": 90677,
    "index": 20
  },
  {
    "name": "Load extend/application.js",
    "start": 1668069349375,
    "end": 1668069349381,
    "duration": 6,
    "pid": 90677,
    "index": 21
  },
  {
    "name": "Require(16) /Users/wangkai/wangkai/qf/b-hooks/react-project-server/node_modules/egg-session/app/extend/application.js",
    "start": 1668069349375,
    "end": 1668069349376,
    "duration": 1,
    "pid": 90677,
    "index": 22
  },
  {
    "name": "Require(17) /Users/wangkai/wangkai/qf/b-hooks/react-project-server/node_modules/egg-security/app/extend/application.js",
    "start": 1668069349376,
    "end": 1668069349377,
    "duration": 1,
    "pid": 90677,
    "index": 23
  },
  {
    "name": "Require(18) /Users/wangkai/wangkai/qf/b-hooks/react-project-server/node_modules/egg-jsonp/app/extend/application.js",
    "start": 1668069349377,
    "end": 1668069349377,
    "duration": 0,
    "pid": 90677,
    "index": 24
  },
  {
    "name": "Require(19) /Users/wangkai/wangkai/qf/b-hooks/react-project-server/node_modules/egg-schedule/app/extend/application.js",
    "start": 1668069349377,
    "end": 1668069349378,
    "duration": 1,
    "pid": 90677,
    "index": 25
  },
  {
    "name": "Require(20) /Users/wangkai/wangkai/qf/b-hooks/react-project-server/node_modules/egg-mock/app/extend/application.js",
    "start": 1668069349378,
    "end": 1668069349380,
    "duration": 2,
    "pid": 90677,
    "index": 26
  },
  {
    "name": "Require(21) /Users/wangkai/wangkai/qf/b-hooks/react-project-server/node_modules/@midwayjs/mock/app/extend/application.js",
    "start": 1668069349380,
    "end": 1668069349380,
    "duration": 0,
    "pid": 90677,
    "index": 27
  },
  {
    "name": "Require(22) /Users/wangkai/wangkai/qf/b-hooks/react-project-server/node_modules/@midwayjs/web/app/extend/application.js",
    "start": 1668069349381,
    "end": 1668069349381,
    "duration": 0,
    "pid": 90677,
    "index": 28
  },
  {
    "name": "Load extend/request.js",
    "start": 1668069349381,
    "end": 1668069349383,
    "duration": 2,
    "pid": 90677,
    "index": 29
  },
  {
    "name": "Require(23) /Users/wangkai/wangkai/qf/b-hooks/react-project-server/node_modules/egg/app/extend/request.js",
    "start": 1668069349382,
    "end": 1668069349382,
    "duration": 0,
    "pid": 90677,
    "index": 30
  },
  {
    "name": "Load extend/response.js",
    "start": 1668069349383,
    "end": 1668069349384,
    "duration": 1,
    "pid": 90677,
    "index": 31
  },
  {
    "name": "Require(24) /Users/wangkai/wangkai/qf/b-hooks/react-project-server/node_modules/egg/app/extend/response.js",
    "start": 1668069349383,
    "end": 1668069349384,
    "duration": 1,
    "pid": 90677,
    "index": 32
  },
  {
    "name": "Load extend/context.js",
    "start": 1668069349384,
    "end": 1668069349385,
    "duration": 1,
    "pid": 90677,
    "index": 33
  },
  {
    "name": "Require(25) /Users/wangkai/wangkai/qf/b-hooks/react-project-server/node_modules/egg-security/app/extend/context.js",
    "start": 1668069349384,
    "end": 1668069349384,
    "duration": 0,
    "pid": 90677,
    "index": 34
  },
  {
    "name": "Require(26) /Users/wangkai/wangkai/qf/b-hooks/react-project-server/node_modules/egg-jsonp/app/extend/context.js",
    "start": 1668069349384,
    "end": 1668069349384,
    "duration": 0,
    "pid": 90677,
    "index": 35
  },
  {
    "name": "Require(27) /Users/wangkai/wangkai/qf/b-hooks/react-project-server/node_modules/egg-i18n/app/extend/context.js",
    "start": 1668069349385,
    "end": 1668069349385,
    "duration": 0,
    "pid": 90677,
    "index": 36
  },
  {
    "name": "Require(28) /Users/wangkai/wangkai/qf/b-hooks/react-project-server/node_modules/egg-multipart/app/extend/context.js",
    "start": 1668069349385,
    "end": 1668069349385,
    "duration": 0,
    "pid": 90677,
    "index": 37
  },
  {
    "name": "Require(29) /Users/wangkai/wangkai/qf/b-hooks/react-project-server/node_modules/egg/app/extend/context.js",
    "start": 1668069349385,
    "end": 1668069349385,
    "duration": 0,
    "pid": 90677,
    "index": 38
  },
  {
    "name": "Require(30) /Users/wangkai/wangkai/qf/b-hooks/react-project-server/node_modules/@midwayjs/web/app/extend/context.js",
    "start": 1668069349385,
    "end": 1668069349385,
    "duration": 0,
    "pid": 90677,
    "index": 39
  },
  {
    "name": "Load extend/helper.js",
    "start": 1668069349385,
    "end": 1668069349397,
    "duration": 12,
    "pid": 90677,
    "index": 40
  },
  {
    "name": "Require(31) /Users/wangkai/wangkai/qf/b-hooks/react-project-server/node_modules/egg-security/app/extend/helper.js",
    "start": 1668069349385,
    "end": 1668069349396,
    "duration": 11,
    "pid": 90677,
    "index": 41
  },
  {
    "name": "Require(32) /Users/wangkai/wangkai/qf/b-hooks/react-project-server/node_modules/egg/app/extend/helper.js",
    "start": 1668069349396,
    "end": 1668069349397,
    "duration": 1,
    "pid": 90677,
    "index": 42
  },
  {
    "name": "Load app.js",
    "start": 1668069349397,
    "end": 1668069349412,
    "duration": 15,
    "pid": 90677,
    "index": 43
  },
  {
    "name": "Require(33) /Users/wangkai/wangkai/qf/b-hooks/react-project-server/node_modules/egg-session/app.js",
    "start": 1668069349397,
    "end": 1668069349397,
    "duration": 0,
    "pid": 90677,
    "index": 44
  },
  {
    "name": "Require(34) /Users/wangkai/wangkai/qf/b-hooks/react-project-server/node_modules/egg-security/app.js",
    "start": 1668069349397,
    "end": 1668069349398,
    "duration": 1,
    "pid": 90677,
    "index": 45
  },
  {
    "name": "Require(35) /Users/wangkai/wangkai/qf/b-hooks/react-project-server/node_modules/egg-onerror/app.js",
    "start": 1668069349398,
    "end": 1668069349403,
    "duration": 5,
    "pid": 90677,
    "index": 46
  },
  {
    "name": "Require(36) /Users/wangkai/wangkai/qf/b-hooks/react-project-server/node_modules/egg-i18n/app.js",
    "start": 1668069349403,
    "end": 1668069349409,
    "duration": 6,
    "pid": 90677,
    "index": 47
  },
  {
    "name": "Require(37) /Users/wangkai/wangkai/qf/b-hooks/react-project-server/node_modules/egg-schedule/app.js",
    "start": 1668069349410,
    "end": 1668069349410,
    "duration": 0,
    "pid": 90677,
    "index": 48
  },
  {
    "name": "Require(38) /Users/wangkai/wangkai/qf/b-hooks/react-project-server/node_modules/egg-multipart/app.js",
    "start": 1668069349410,
    "end": 1668069349411,
    "duration": 1,
    "pid": 90677,
    "index": 49
  },
  {
    "name": "Require(39) /Users/wangkai/wangkai/qf/b-hooks/react-project-server/node_modules/egg-static/app.js",
    "start": 1668069349411,
    "end": 1668069349411,
    "duration": 0,
    "pid": 90677,
    "index": 50
  },
  {
    "name": "Require(40) /Users/wangkai/wangkai/qf/b-hooks/react-project-server/node_modules/midway-schedule/app.js",
    "start": 1668069349411,
    "end": 1668069349411,
    "duration": 0,
    "pid": 90677,
    "index": 51
  },
  {
    "name": "Require(41) /Users/wangkai/wangkai/qf/b-hooks/react-project-server/node_modules/egg-mock/app.js",
    "start": 1668069349412,
    "end": 1668069349412,
    "duration": 0,
    "pid": 90677,
    "index": 52
  },
  {
    "name": "Require(42) /Users/wangkai/wangkai/qf/b-hooks/react-project-server/node_modules/@midwayjs/web/app.js",
    "start": 1668069349412,
    "end": 1668069349412,
    "duration": 0,
    "pid": 90677,
    "index": 53
  },
  {
    "name": "Did Load in /Users/wangkai/wangkai/qf/b-hooks/react-project-server/node_modules/@midwayjs/web/app.js:didLoad",
    "start": 1668069349419,
    "end": 1668069349471,
    "duration": 52,
    "pid": 90677,
    "index": 54
  },
  {
    "name": "Load Service",
    "start": 1668069349419,
    "end": 1668069349421,
    "duration": 2,
    "pid": 90677,
    "index": 55
  },
  {
    "name": "Load \"service\" to Context",
    "start": 1668069349419,
    "end": 1668069349421,
    "duration": 2,
    "pid": 90677,
    "index": 56
  },
  {
    "name": "Load Middleware",
    "start": 1668069349421,
    "end": 1668069349470,
    "duration": 49,
    "pid": 90677,
    "index": 57
  },
  {
    "name": "Load \"middlewares\" to Application",
    "start": 1668069349422,
    "end": 1668069349470,
    "duration": 48,
    "pid": 90677,
    "index": 58
  },
  {
    "name": "Load Controller",
    "start": 1668069349471,
    "end": 1668069349471,
    "duration": 0,
    "pid": 90677,
    "index": 59
  },
  {
    "name": "Load \"controller\" to Application",
    "start": 1668069349471,
    "end": 1668069349471,
    "duration": 0,
    "pid": 90677,
    "index": 60
  },
  {
    "name": "Load Router",
    "start": 1668069349471,
    "end": 1668069349471,
    "duration": 0,
    "pid": 90677,
    "index": 61
  },
  {
    "name": "Will Ready in /Users/wangkai/wangkai/qf/b-hooks/react-project-server/node_modules/@midwayjs/web/app.js:willReady",
    "start": 1668069349472,
    "end": 1668069349983,
    "duration": 511,
    "pid": 90677,
    "index": 62
  }
]