[
  {
    "name": "Process Start",
    "start": 1668269024884,
    "end": 1668269026971,
    "duration": 2087,
    "pid": 25316,
    "index": 0
  },
  {
    "name": "Application Start",
    "start": 1668269026971,
    "end": 1668269027538,
    "duration": 567,
    "pid": 25316,
    "index": 1
  },
  {
    "name": "Load Plugin",
    "start": 1668269026971,
    "end": 1668269026972,
    "duration": 1,
    "pid": 25316,
    "index": 2
  },
  {
    "name": "Load Config",
    "start": 1668269026972,
    "end": 1668269026976,
    "duration": 4,
    "pid": 25316,
    "index": 3
  },
  {
    "name": "Require(0) config/config.default.ts",
    "start": 1668269026972,
    "end": 1668269026972,
    "duration": 0,
    "pid": 25316,
    "index": 4
  },
  {
    "name": "Require(1) config/config.local.ts",
    "start": 1668269026972,
    "end": 1668269026972,
    "duration": 0,
    "pid": 25316,
    "index": 5
  },
  {
    "name": "Require(2) /Users/wangkai/wangkai/qf/b-hooks/react-project-server/node_modules/egg-session/config/config.default.js",
    "start": 1668269026973,
    "end": 1668269026973,
    "duration": 0,
    "pid": 25316,
    "index": 6
  },
  {
    "name": "Require(3) /Users/wangkai/wangkai/qf/b-hooks/react-project-server/node_modules/egg-security/config/config.default.js",
    "start": 1668269026973,
    "end": 1668269026973,
    "duration": 0,
    "pid": 25316,
    "index": 7
  },
  {
    "name": "Require(4) /Users/wangkai/wangkai/qf/b-hooks/react-project-server/node_modules/egg-jsonp/config/config.default.js",
    "start": 1668269026973,
    "end": 1668269026973,
    "duration": 0,
    "pid": 25316,
    "index": 8
  },
  {
    "name": "Require(5) /Users/wangkai/wangkai/qf/b-hooks/react-project-server/node_modules/egg-onerror/config/config.default.js",
    "start": 1668269026973,
    "end": 1668269026973,
    "duration": 0,
    "pid": 25316,
    "index": 9
  },
  {
    "name": "Require(6) /Users/wangkai/wangkai/qf/b-hooks/react-project-server/node_modules/egg-i18n/config/config.default.js",
    "start": 1668269026973,
    "end": 1668269026973,
    "duration": 0,
    "pid": 25316,
    "index": 10
  },
  {
    "name": "Require(7) /Users/wangkai/wangkai/qf/b-hooks/react-project-server/node_modules/egg-schedule/config/config.default.js",
    "start": 1668269026973,
    "end": 1668269026973,
    "duration": 0,
    "pid": 25316,
    "index": 11
  },
  {
    "name": "Require(8) /Users/wangkai/wangkai/qf/b-hooks/react-project-server/node_modules/egg-multipart/config/config.default.js",
    "start": 1668269026973,
    "end": 1668269026973,
    "duration": 0,
    "pid": 25316,
    "index": 12
  },
  {
    "name": "Require(9) /Users/wangkai/wangkai/qf/b-hooks/react-project-server/node_modules/egg-static/config/config.default.js",
    "start": 1668269026973,
    "end": 1668269026973,
    "duration": 0,
    "pid": 25316,
    "index": 13
  },
  {
    "name": "Require(10) /Users/wangkai/wangkai/qf/b-hooks/react-project-server/node_modules/egg/config/config.default.js",
    "start": 1668269026973,
    "end": 1668269026973,
    "duration": 0,
    "pid": 25316,
    "index": 14
  },
  {
    "name": "Require(11) /Users/wangkai/wangkai/qf/b-hooks/react-project-server/node_modules/@midwayjs/web/config/config.default.js",
    "start": 1668269026974,
    "end": 1668269026974,
    "duration": 0,
    "pid": 25316,
    "index": 15
  },
  {
    "name": "Require(12) config/config.default.ts",
    "start": 1668269026975,
    "end": 1668269026975,
    "duration": 0,
    "pid": 25316,
    "index": 16
  },
  {
    "name": "Require(13) /Users/wangkai/wangkai/qf/b-hooks/react-project-server/node_modules/egg-security/config/config.local.js",
    "start": 1668269026975,
    "end": 1668269026975,
    "duration": 0,
    "pid": 25316,
    "index": 17
  },
  {
    "name": "Require(14) /Users/wangkai/wangkai/qf/b-hooks/react-project-server/node_modules/egg/config/config.local.js",
    "start": 1668269026975,
    "end": 1668269026975,
    "duration": 0,
    "pid": 25316,
    "index": 18
  },
  {
    "name": "Require(15) config/config.local.ts",
    "start": 1668269026975,
    "end": 1668269026975,
    "duration": 0,
    "pid": 25316,
    "index": 19
  },
  {
    "name": "Before Start in node_modules/@midwayjs/web/dist/framework/web.js:45:22",
    "start": 1668269026976,
    "end": 1668269027071,
    "duration": 95,
    "pid": 25316,
    "index": 20
  },
  {
    "name": "Load extend/application.js",
    "start": 1668269026983,
    "end": 1668269026992,
    "duration": 9,
    "pid": 25316,
    "index": 21
  },
  {
    "name": "Require(16) /Users/wangkai/wangkai/qf/b-hooks/react-project-server/node_modules/egg-session/app/extend/application.js",
    "start": 1668269026983,
    "end": 1668269026983,
    "duration": 0,
    "pid": 25316,
    "index": 22
  },
  {
    "name": "Require(17) /Users/wangkai/wangkai/qf/b-hooks/react-project-server/node_modules/egg-security/app/extend/application.js",
    "start": 1668269026984,
    "end": 1668269026984,
    "duration": 0,
    "pid": 25316,
    "index": 23
  },
  {
    "name": "Require(18) /Users/wangkai/wangkai/qf/b-hooks/react-project-server/node_modules/egg-jsonp/app/extend/application.js",
    "start": 1668269026984,
    "end": 1668269026985,
    "duration": 1,
    "pid": 25316,
    "index": 24
  },
  {
    "name": "Require(19) /Users/wangkai/wangkai/qf/b-hooks/react-project-server/node_modules/egg-schedule/app/extend/application.js",
    "start": 1668269026985,
    "end": 1668269026986,
    "duration": 1,
    "pid": 25316,
    "index": 25
  },
  {
    "name": "Require(20) /Users/wangkai/wangkai/qf/b-hooks/react-project-server/node_modules/egg-mock/app/extend/application.js",
    "start": 1668269026987,
    "end": 1668269026990,
    "duration": 3,
    "pid": 25316,
    "index": 26
  },
  {
    "name": "Require(21) /Users/wangkai/wangkai/qf/b-hooks/react-project-server/node_modules/@midwayjs/mock/app/extend/application.js",
    "start": 1668269026990,
    "end": 1668269026991,
    "duration": 1,
    "pid": 25316,
    "index": 27
  },
  {
    "name": "Require(22) /Users/wangkai/wangkai/qf/b-hooks/react-project-server/node_modules/@midwayjs/web/app/extend/application.js",
    "start": 1668269026991,
    "end": 1668269026991,
    "duration": 0,
    "pid": 25316,
    "index": 28
  },
  {
    "name": "Load extend/request.js",
    "start": 1668269026992,
    "end": 1668269026993,
    "duration": 1,
    "pid": 25316,
    "index": 29
  },
  {
    "name": "Require(23) /Users/wangkai/wangkai/qf/b-hooks/react-project-server/node_modules/egg/app/extend/request.js",
    "start": 1668269026992,
    "end": 1668269026993,
    "duration": 1,
    "pid": 25316,
    "index": 30
  },
  {
    "name": "Load extend/response.js",
    "start": 1668269026993,
    "end": 1668269026995,
    "duration": 2,
    "pid": 25316,
    "index": 31
  },
  {
    "name": "Require(24) /Users/wangkai/wangkai/qf/b-hooks/react-project-server/node_modules/egg/app/extend/response.js",
    "start": 1668269026993,
    "end": 1668269026994,
    "duration": 1,
    "pid": 25316,
    "index": 32
  },
  {
    "name": "Load extend/context.js",
    "start": 1668269026995,
    "end": 1668269026995,
    "duration": 0,
    "pid": 25316,
    "index": 33
  },
  {
    "name": "Require(25) /Users/wangkai/wangkai/qf/b-hooks/react-project-server/node_modules/egg-security/app/extend/context.js",
    "start": 1668269026995,
    "end": 1668269026995,
    "duration": 0,
    "pid": 25316,
    "index": 34
  },
  {
    "name": "Require(26) /Users/wangkai/wangkai/qf/b-hooks/react-project-server/node_modules/egg-jsonp/app/extend/context.js",
    "start": 1668269026995,
    "end": 1668269026995,
    "duration": 0,
    "pid": 25316,
    "index": 35
  },
  {
    "name": "Require(27) /Users/wangkai/wangkai/qf/b-hooks/react-project-server/node_modules/egg-i18n/app/extend/context.js",
    "start": 1668269026995,
    "end": 1668269026995,
    "duration": 0,
    "pid": 25316,
    "index": 36
  },
  {
    "name": "Require(28) /Users/wangkai/wangkai/qf/b-hooks/react-project-server/node_modules/egg-multipart/app/extend/context.js",
    "start": 1668269026995,
    "end": 1668269026995,
    "duration": 0,
    "pid": 25316,
    "index": 37
  },
  {
    "name": "Require(29) /Users/wangkai/wangkai/qf/b-hooks/react-project-server/node_modules/egg/app/extend/context.js",
    "start": 1668269026995,
    "end": 1668269026995,
    "duration": 0,
    "pid": 25316,
    "index": 38
  },
  {
    "name": "Require(30) /Users/wangkai/wangkai/qf/b-hooks/react-project-server/node_modules/@midwayjs/web/app/extend/context.js",
    "start": 1668269026995,
    "end": 1668269026995,
    "duration": 0,
    "pid": 25316,
    "index": 39
  },
  {
    "name": "Load extend/helper.js",
    "start": 1668269026995,
    "end": 1668269027006,
    "duration": 11,
    "pid": 25316,
    "index": 40
  },
  {
    "name": "Require(31) /Users/wangkai/wangkai/qf/b-hooks/react-project-server/node_modules/egg-security/app/extend/helper.js",
    "start": 1668269026995,
    "end": 1668269027005,
    "duration": 10,
    "pid": 25316,
    "index": 41
  },
  {
    "name": "Require(32) /Users/wangkai/wangkai/qf/b-hooks/react-project-server/node_modules/egg/app/extend/helper.js",
    "start": 1668269027005,
    "end": 1668269027005,
    "duration": 0,
    "pid": 25316,
    "index": 42
  },
  {
    "name": "Load app.js",
    "start": 1668269027006,
    "end": 1668269027021,
    "duration": 15,
    "pid": 25316,
    "index": 43
  },
  {
    "name": "Require(33) /Users/wangkai/wangkai/qf/b-hooks/react-project-server/node_modules/egg-session/app.js",
    "start": 1668269027006,
    "end": 1668269027006,
    "duration": 0,
    "pid": 25316,
    "index": 44
  },
  {
    "name": "Require(34) /Users/wangkai/wangkai/qf/b-hooks/react-project-server/node_modules/egg-security/app.js",
    "start": 1668269027006,
    "end": 1668269027007,
    "duration": 1,
    "pid": 25316,
    "index": 45
  },
  {
    "name": "Require(35) /Users/wangkai/wangkai/qf/b-hooks/react-project-server/node_modules/egg-onerror/app.js",
    "start": 1668269027007,
    "end": 1668269027010,
    "duration": 3,
    "pid": 25316,
    "index": 46
  },
  {
    "name": "Require(36) /Users/wangkai/wangkai/qf/b-hooks/react-project-server/node_modules/egg-i18n/app.js",
    "start": 1668269027011,
    "end": 1668269027017,
    "duration": 6,
    "pid": 25316,
    "index": 47
  },
  {
    "name": "Require(37) /Users/wangkai/wangkai/qf/b-hooks/react-project-server/node_modules/egg-schedule/app.js",
    "start": 1668269027017,
    "end": 1668269027018,
    "duration": 1,
    "pid": 25316,
    "index": 48
  },
  {
    "name": "Require(38) /Users/wangkai/wangkai/qf/b-hooks/react-project-server/node_modules/egg-multipart/app.js",
    "start": 1668269027018,
    "end": 1668269027018,
    "duration": 0,
    "pid": 25316,
    "index": 49
  },
  {
    "name": "Require(39) /Users/wangkai/wangkai/qf/b-hooks/react-project-server/node_modules/egg-static/app.js",
    "start": 1668269027018,
    "end": 1668269027019,
    "duration": 1,
    "pid": 25316,
    "index": 50
  },
  {
    "name": "Require(40) /Users/wangkai/wangkai/qf/b-hooks/react-project-server/node_modules/midway-schedule/app.js",
    "start": 1668269027019,
    "end": 1668269027020,
    "duration": 1,
    "pid": 25316,
    "index": 51
  },
  {
    "name": "Require(41) /Users/wangkai/wangkai/qf/b-hooks/react-project-server/node_modules/egg-mock/app.js",
    "start": 1668269027020,
    "end": 1668269027021,
    "duration": 1,
    "pid": 25316,
    "index": 52
  },
  {
    "name": "Require(42) /Users/wangkai/wangkai/qf/b-hooks/react-project-server/node_modules/@midwayjs/web/app.js",
    "start": 1668269027021,
    "end": 1668269027021,
    "duration": 0,
    "pid": 25316,
    "index": 53
  },
  {
    "name": "Did Load in /Users/wangkai/wangkai/qf/b-hooks/react-project-server/node_modules/@midwayjs/web/app.js:didLoad",
    "start": 1668269027027,
    "end": 1668269027071,
    "duration": 44,
    "pid": 25316,
    "index": 54
  },
  {
    "name": "Load Service",
    "start": 1668269027027,
    "end": 1668269027030,
    "duration": 3,
    "pid": 25316,
    "index": 55
  },
  {
    "name": "Load \"service\" to Context",
    "start": 1668269027027,
    "end": 1668269027030,
    "duration": 3,
    "pid": 25316,
    "index": 56
  },
  {
    "name": "Load Middleware",
    "start": 1668269027030,
    "end": 1668269027070,
    "duration": 40,
    "pid": 25316,
    "index": 57
  },
  {
    "name": "Load \"middlewares\" to Application",
    "start": 1668269027030,
    "end": 1668269027070,
    "duration": 40,
    "pid": 25316,
    "index": 58
  },
  {
    "name": "Load Controller",
    "start": 1668269027070,
    "end": 1668269027071,
    "duration": 1,
    "pid": 25316,
    "index": 59
  },
  {
    "name": "Load \"controller\" to Application",
    "start": 1668269027070,
    "end": 1668269027071,
    "duration": 1,
    "pid": 25316,
    "index": 60
  },
  {
    "name": "Load Router",
    "start": 1668269027071,
    "end": 1668269027071,
    "duration": 0,
    "pid": 25316,
    "index": 61
  },
  {
    "name": "Will Ready in /Users/wangkai/wangkai/qf/b-hooks/react-project-server/node_modules/@midwayjs/web/app.js:willReady",
    "start": 1668269027072,
    "end": 1668269027538,
    "duration": 466,
    "pid": 25316,
    "index": 62
  }
]