[
  {
    "name": "Process Start",
    "start": 1666838185525,
    "end": 1666838188302,
    "duration": 2777,
    "pid": 35408,
    "index": 0
  },
  {
    "name": "Application Start",
    "start": 1666838188302,
    "end": 1666838189044,
    "duration": 742,
    "pid": 35408,
    "index": 1
  },
  {
    "name": "Load Plugin",
    "start": 1666838188303,
    "end": 1666838188304,
    "duration": 1,
    "pid": 35408,
    "index": 2
  },
  {
    "name": "Load Config",
    "start": 1666838188304,
    "end": 1666838188307,
    "duration": 3,
    "pid": 35408,
    "index": 3
  },
  {
    "name": "Require(0) config/config.default.ts",
    "start": 1666838188304,
    "end": 1666838188304,
    "duration": 0,
    "pid": 35408,
    "index": 4
  },
  {
    "name": "Require(1) config/config.local.ts",
    "start": 1666838188304,
    "end": 1666838188304,
    "duration": 0,
    "pid": 35408,
    "index": 5
  },
  {
    "name": "Require(2) /Users/wangkai/wangkai/qf/b-hooks/react-project-server/node_modules/egg-session/config/config.default.js",
    "start": 1666838188305,
    "end": 1666838188305,
    "duration": 0,
    "pid": 35408,
    "index": 6
  },
  {
    "name": "Require(3) /Users/wangkai/wangkai/qf/b-hooks/react-project-server/node_modules/egg-security/config/config.default.js",
    "start": 1666838188305,
    "end": 1666838188305,
    "duration": 0,
    "pid": 35408,
    "index": 7
  },
  {
    "name": "Require(4) /Users/wangkai/wangkai/qf/b-hooks/react-project-server/node_modules/egg-jsonp/config/config.default.js",
    "start": 1666838188305,
    "end": 1666838188305,
    "duration": 0,
    "pid": 35408,
    "index": 8
  },
  {
    "name": "Require(5) /Users/wangkai/wangkai/qf/b-hooks/react-project-server/node_modules/egg-onerror/config/config.default.js",
    "start": 1666838188305,
    "end": 1666838188305,
    "duration": 0,
    "pid": 35408,
    "index": 9
  },
  {
    "name": "Require(6) /Users/wangkai/wangkai/qf/b-hooks/react-project-server/node_modules/egg-i18n/config/config.default.js",
    "start": 1666838188305,
    "end": 1666838188305,
    "duration": 0,
    "pid": 35408,
    "index": 10
  },
  {
    "name": "Require(7) /Users/wangkai/wangkai/qf/b-hooks/react-project-server/node_modules/egg-schedule/config/config.default.js",
    "start": 1666838188305,
    "end": 1666838188305,
    "duration": 0,
    "pid": 35408,
    "index": 11
  },
  {
    "name": "Require(8) /Users/wangkai/wangkai/qf/b-hooks/react-project-server/node_modules/egg-multipart/config/config.default.js",
    "start": 1666838188305,
    "end": 1666838188305,
    "duration": 0,
    "pid": 35408,
    "index": 12
  },
  {
    "name": "Require(9) /Users/wangkai/wangkai/qf/b-hooks/react-project-server/node_modules/egg-static/config/config.default.js",
    "start": 1666838188305,
    "end": 1666838188305,
    "duration": 0,
    "pid": 35408,
    "index": 13
  },
  {
    "name": "Require(10) /Users/wangkai/wangkai/qf/b-hooks/react-project-server/node_modules/egg/config/config.default.js",
    "start": 1666838188305,
    "end": 1666838188305,
    "duration": 0,
    "pid": 35408,
    "index": 14
  },
  {
    "name": "Require(11) /Users/wangkai/wangkai/qf/b-hooks/react-project-server/node_modules/@midwayjs/web/config/config.default.js",
    "start": 1666838188306,
    "end": 1666838188306,
    "duration": 0,
    "pid": 35408,
    "index": 15
  },
  {
    "name": "Require(12) config/config.default.ts",
    "start": 1666838188306,
    "end": 1666838188306,
    "duration": 0,
    "pid": 35408,
    "index": 16
  },
  {
    "name": "Require(13) /Users/wangkai/wangkai/qf/b-hooks/react-project-server/node_modules/egg-security/config/config.local.js",
    "start": 1666838188306,
    "end": 1666838188306,
    "duration": 0,
    "pid": 35408,
    "index": 17
  },
  {
    "name": "Require(14) /Users/wangkai/wangkai/qf/b-hooks/react-project-server/node_modules/egg/config/config.local.js",
    "start": 1666838188306,
    "end": 1666838188306,
    "duration": 0,
    "pid": 35408,
    "index": 18
  },
  {
    "name": "Require(15) config/config.local.ts",
    "start": 1666838188306,
    "end": 1666838188306,
    "duration": 0,
    "pid": 35408,
    "index": 19
  },
  {
    "name": "Before Start in node_modules/@midwayjs/web/dist/framework/web.js:45:22",
    "start": 1666838188307,
    "end": 1666838188448,
    "duration": 141,
    "pid": 35408,
    "index": 20
  },
  {
    "name": "Load extend/application.js",
    "start": 1666838188318,
    "end": 1666838188325,
    "duration": 7,
    "pid": 35408,
    "index": 21
  },
  {
    "name": "Require(16) /Users/wangkai/wangkai/qf/b-hooks/react-project-server/node_modules/egg-session/app/extend/application.js",
    "start": 1666838188318,
    "end": 1666838188318,
    "duration": 0,
    "pid": 35408,
    "index": 22
  },
  {
    "name": "Require(17) /Users/wangkai/wangkai/qf/b-hooks/react-project-server/node_modules/egg-security/app/extend/application.js",
    "start": 1666838188318,
    "end": 1666838188319,
    "duration": 1,
    "pid": 35408,
    "index": 23
  },
  {
    "name": "Require(18) /Users/wangkai/wangkai/qf/b-hooks/react-project-server/node_modules/egg-jsonp/app/extend/application.js",
    "start": 1666838188319,
    "end": 1666838188319,
    "duration": 0,
    "pid": 35408,
    "index": 24
  },
  {
    "name": "Require(19) /Users/wangkai/wangkai/qf/b-hooks/react-project-server/node_modules/egg-schedule/app/extend/application.js",
    "start": 1666838188320,
    "end": 1666838188320,
    "duration": 0,
    "pid": 35408,
    "index": 25
  },
  {
    "name": "Require(20) /Users/wangkai/wangkai/qf/b-hooks/react-project-server/node_modules/egg-mock/app/extend/application.js",
    "start": 1666838188321,
    "end": 1666838188322,
    "duration": 1,
    "pid": 35408,
    "index": 26
  },
  {
    "name": "Require(21) /Users/wangkai/wangkai/qf/b-hooks/react-project-server/node_modules/@midwayjs/mock/app/extend/application.js",
    "start": 1666838188323,
    "end": 1666838188324,
    "duration": 1,
    "pid": 35408,
    "index": 27
  },
  {
    "name": "Require(22) /Users/wangkai/wangkai/qf/b-hooks/react-project-server/node_modules/@midwayjs/web/app/extend/application.js",
    "start": 1666838188324,
    "end": 1666838188324,
    "duration": 0,
    "pid": 35408,
    "index": 28
  },
  {
    "name": "Load extend/request.js",
    "start": 1666838188325,
    "end": 1666838188327,
    "duration": 2,
    "pid": 35408,
    "index": 29
  },
  {
    "name": "Require(23) /Users/wangkai/wangkai/qf/b-hooks/react-project-server/node_modules/egg/app/extend/request.js",
    "start": 1666838188326,
    "end": 1666838188326,
    "duration": 0,
    "pid": 35408,
    "index": 30
  },
  {
    "name": "Load extend/response.js",
    "start": 1666838188327,
    "end": 1666838188329,
    "duration": 2,
    "pid": 35408,
    "index": 31
  },
  {
    "name": "Require(24) /Users/wangkai/wangkai/qf/b-hooks/react-project-server/node_modules/egg/app/extend/response.js",
    "start": 1666838188327,
    "end": 1666838188329,
    "duration": 2,
    "pid": 35408,
    "index": 32
  },
  {
    "name": "Load extend/context.js",
    "start": 1666838188329,
    "end": 1666838188330,
    "duration": 1,
    "pid": 35408,
    "index": 33
  },
  {
    "name": "Require(25) /Users/wangkai/wangkai/qf/b-hooks/react-project-server/node_modules/egg-security/app/extend/context.js",
    "start": 1666838188329,
    "end": 1666838188329,
    "duration": 0,
    "pid": 35408,
    "index": 34
  },
  {
    "name": "Require(26) /Users/wangkai/wangkai/qf/b-hooks/react-project-server/node_modules/egg-jsonp/app/extend/context.js",
    "start": 1666838188329,
    "end": 1666838188329,
    "duration": 0,
    "pid": 35408,
    "index": 35
  },
  {
    "name": "Require(27) /Users/wangkai/wangkai/qf/b-hooks/react-project-server/node_modules/egg-i18n/app/extend/context.js",
    "start": 1666838188330,
    "end": 1666838188330,
    "duration": 0,
    "pid": 35408,
    "index": 36
  },
  {
    "name": "Require(28) /Users/wangkai/wangkai/qf/b-hooks/react-project-server/node_modules/egg-multipart/app/extend/context.js",
    "start": 1666838188330,
    "end": 1666838188330,
    "duration": 0,
    "pid": 35408,
    "index": 37
  },
  {
    "name": "Require(29) /Users/wangkai/wangkai/qf/b-hooks/react-project-server/node_modules/egg/app/extend/context.js",
    "start": 1666838188330,
    "end": 1666838188330,
    "duration": 0,
    "pid": 35408,
    "index": 38
  },
  {
    "name": "Require(30) /Users/wangkai/wangkai/qf/b-hooks/react-project-server/node_modules/@midwayjs/web/app/extend/context.js",
    "start": 1666838188330,
    "end": 1666838188330,
    "duration": 0,
    "pid": 35408,
    "index": 39
  },
  {
    "name": "Load extend/helper.js",
    "start": 1666838188330,
    "end": 1666838188354,
    "duration": 24,
    "pid": 35408,
    "index": 40
  },
  {
    "name": "Require(31) /Users/wangkai/wangkai/qf/b-hooks/react-project-server/node_modules/egg-security/app/extend/helper.js",
    "start": 1666838188330,
    "end": 1666838188353,
    "duration": 23,
    "pid": 35408,
    "index": 41
  },
  {
    "name": "Require(32) /Users/wangkai/wangkai/qf/b-hooks/react-project-server/node_modules/egg/app/extend/helper.js",
    "start": 1666838188353,
    "end": 1666838188354,
    "duration": 1,
    "pid": 35408,
    "index": 42
  },
  {
    "name": "Load app.js",
    "start": 1666838188355,
    "end": 1666838188377,
    "duration": 22,
    "pid": 35408,
    "index": 43
  },
  {
    "name": "Require(33) /Users/wangkai/wangkai/qf/b-hooks/react-project-server/node_modules/egg-session/app.js",
    "start": 1666838188355,
    "end": 1666838188355,
    "duration": 0,
    "pid": 35408,
    "index": 44
  },
  {
    "name": "Require(34) /Users/wangkai/wangkai/qf/b-hooks/react-project-server/node_modules/egg-security/app.js",
    "start": 1666838188355,
    "end": 1666838188356,
    "duration": 1,
    "pid": 35408,
    "index": 45
  },
  {
    "name": "Require(35) /Users/wangkai/wangkai/qf/b-hooks/react-project-server/node_modules/egg-onerror/app.js",
    "start": 1666838188356,
    "end": 1666838188363,
    "duration": 7,
    "pid": 35408,
    "index": 46
  },
  {
    "name": "Require(36) /Users/wangkai/wangkai/qf/b-hooks/react-project-server/node_modules/egg-i18n/app.js",
    "start": 1666838188363,
    "end": 1666838188374,
    "duration": 11,
    "pid": 35408,
    "index": 47
  },
  {
    "name": "Require(37) /Users/wangkai/wangkai/qf/b-hooks/react-project-server/node_modules/egg-schedule/app.js",
    "start": 1666838188374,
    "end": 1666838188375,
    "duration": 1,
    "pid": 35408,
    "index": 48
  },
  {
    "name": "Require(38) /Users/wangkai/wangkai/qf/b-hooks/react-project-server/node_modules/egg-multipart/app.js",
    "start": 1666838188375,
    "end": 1666838188375,
    "duration": 0,
    "pid": 35408,
    "index": 49
  },
  {
    "name": "Require(39) /Users/wangkai/wangkai/qf/b-hooks/react-project-server/node_modules/egg-static/app.js",
    "start": 1666838188375,
    "end": 1666838188376,
    "duration": 1,
    "pid": 35408,
    "index": 50
  },
  {
    "name": "Require(40) /Users/wangkai/wangkai/qf/b-hooks/react-project-server/node_modules/midway-schedule/app.js",
    "start": 1666838188376,
    "end": 1666838188376,
    "duration": 0,
    "pid": 35408,
    "index": 51
  },
  {
    "name": "Require(41) /Users/wangkai/wangkai/qf/b-hooks/react-project-server/node_modules/egg-mock/app.js",
    "start": 1666838188376,
    "end": 1666838188377,
    "duration": 1,
    "pid": 35408,
    "index": 52
  },
  {
    "name": "Require(42) /Users/wangkai/wangkai/qf/b-hooks/react-project-server/node_modules/@midwayjs/web/app.js",
    "start": 1666838188377,
    "end": 1666838188377,
    "duration": 0,
    "pid": 35408,
    "index": 53
  },
  {
    "name": "Did Load in /Users/wangkai/wangkai/qf/b-hooks/react-project-server/node_modules/@midwayjs/web/app.js:didLoad",
    "start": 1666838188383,
    "end": 1666838188448,
    "duration": 65,
    "pid": 35408,
    "index": 54
  },
  {
    "name": "Load Service",
    "start": 1666838188383,
    "end": 1666838188386,
    "duration": 3,
    "pid": 35408,
    "index": 55
  },
  {
    "name": "Load \"service\" to Context",
    "start": 1666838188383,
    "end": 1666838188386,
    "duration": 3,
    "pid": 35408,
    "index": 56
  },
  {
    "name": "Load Middleware",
    "start": 1666838188386,
    "end": 1666838188448,
    "duration": 62,
    "pid": 35408,
    "index": 57
  },
  {
    "name": "Load \"middlewares\" to Application",
    "start": 1666838188386,
    "end": 1666838188448,
    "duration": 62,
    "pid": 35408,
    "index": 58
  },
  {
    "name": "Load Controller",
    "start": 1666838188448,
    "end": 1666838188448,
    "duration": 0,
    "pid": 35408,
    "index": 59
  },
  {
    "name": "Load \"controller\" to Application",
    "start": 1666838188448,
    "end": 1666838188448,
    "duration": 0,
    "pid": 35408,
    "index": 60
  },
  {
    "name": "Load Router",
    "start": 1666838188448,
    "end": 1666838188448,
    "duration": 0,
    "pid": 35408,
    "index": 61
  },
  {
    "name": "Will Ready in /Users/wangkai/wangkai/qf/b-hooks/react-project-server/node_modules/@midwayjs/web/app.js:willReady",
    "start": 1666838188449,
    "end": 1666838189044,
    "duration": 595,
    "pid": 35408,
    "index": 62
  }
]