[
  {
    "name": "Process Start",
    "start": 1668263098570,
    "end": 1668263100813,
    "duration": 2243,
    "pid": 16164,
    "index": 0
  },
  {
    "name": "Application Start",
    "start": 1668263100813,
    "end": 1668263100982,
    "duration": 169,
    "pid": 16164,
    "index": 1
  },
  {
    "name": "Load Plugin",
    "start": 1668263100814,
    "end": 1668263100814,
    "duration": 0,
    "pid": 16164,
    "index": 2
  },
  {
    "name": "Load Config",
    "start": 1668263100814,
    "end": 1668263100817,
    "duration": 3,
    "pid": 16164,
    "index": 3
  },
  {
    "name": "Require(0) config/config.default.ts",
    "start": 1668263100814,
    "end": 1668263100814,
    "duration": 0,
    "pid": 16164,
    "index": 4
  },
  {
    "name": "Require(1) config/config.local.ts",
    "start": 1668263100815,
    "end": 1668263100815,
    "duration": 0,
    "pid": 16164,
    "index": 5
  },
  {
    "name": "Require(2) /Users/wangkai/wangkai/qf/b-hooks/react-project-server/node_modules/egg-session/config/config.default.js",
    "start": 1668263100815,
    "end": 1668263100815,
    "duration": 0,
    "pid": 16164,
    "index": 6
  },
  {
    "name": "Require(3) /Users/wangkai/wangkai/qf/b-hooks/react-project-server/node_modules/egg-security/config/config.default.js",
    "start": 1668263100815,
    "end": 1668263100815,
    "duration": 0,
    "pid": 16164,
    "index": 7
  },
  {
    "name": "Require(4) /Users/wangkai/wangkai/qf/b-hooks/react-project-server/node_modules/egg-jsonp/config/config.default.js",
    "start": 1668263100815,
    "end": 1668263100815,
    "duration": 0,
    "pid": 16164,
    "index": 8
  },
  {
    "name": "Require(5) /Users/wangkai/wangkai/qf/b-hooks/react-project-server/node_modules/egg-onerror/config/config.default.js",
    "start": 1668263100815,
    "end": 1668263100815,
    "duration": 0,
    "pid": 16164,
    "index": 9
  },
  {
    "name": "Require(6) /Users/wangkai/wangkai/qf/b-hooks/react-project-server/node_modules/egg-i18n/config/config.default.js",
    "start": 1668263100815,
    "end": 1668263100815,
    "duration": 0,
    "pid": 16164,
    "index": 10
  },
  {
    "name": "Require(7) /Users/wangkai/wangkai/qf/b-hooks/react-project-server/node_modules/egg-schedule/config/config.default.js",
    "start": 1668263100815,
    "end": 1668263100815,
    "duration": 0,
    "pid": 16164,
    "index": 11
  },
  {
    "name": "Require(8) /Users/wangkai/wangkai/qf/b-hooks/react-project-server/node_modules/egg-multipart/config/config.default.js",
    "start": 1668263100815,
    "end": 1668263100815,
    "duration": 0,
    "pid": 16164,
    "index": 12
  },
  {
    "name": "Require(9) /Users/wangkai/wangkai/qf/b-hooks/react-project-server/node_modules/egg-static/config/config.default.js",
    "start": 1668263100815,
    "end": 1668263100815,
    "duration": 0,
    "pid": 16164,
    "index": 13
  },
  {
    "name": "Require(10) /Users/wangkai/wangkai/qf/b-hooks/react-project-server/node_modules/egg/config/config.default.js",
    "start": 1668263100816,
    "end": 1668263100816,
    "duration": 0,
    "pid": 16164,
    "index": 14
  },
  {
    "name": "Require(11) /Users/wangkai/wangkai/qf/b-hooks/react-project-server/node_modules/@midwayjs/web/config/config.default.js",
    "start": 1668263100816,
    "end": 1668263100816,
    "duration": 0,
    "pid": 16164,
    "index": 15
  },
  {
    "name": "Require(12) config/config.default.ts",
    "start": 1668263100816,
    "end": 1668263100816,
    "duration": 0,
    "pid": 16164,
    "index": 16
  },
  {
    "name": "Require(13) /Users/wangkai/wangkai/qf/b-hooks/react-project-server/node_modules/egg-security/config/config.local.js",
    "start": 1668263100816,
    "end": 1668263100816,
    "duration": 0,
    "pid": 16164,
    "index": 17
  },
  {
    "name": "Require(14) /Users/wangkai/wangkai/qf/b-hooks/react-project-server/node_modules/egg/config/config.local.js",
    "start": 1668263100816,
    "end": 1668263100816,
    "duration": 0,
    "pid": 16164,
    "index": 18
  },
  {
    "name": "Require(15) config/config.local.ts",
    "start": 1668263100816,
    "end": 1668263100816,
    "duration": 0,
    "pid": 16164,
    "index": 19
  },
  {
    "name": "Before Start in node_modules/@midwayjs/web/dist/framework/web.js:45:22",
    "start": 1668263100817,
    "end": 1668263100922,
    "duration": 105,
    "pid": 16164,
    "index": 20
  },
  {
    "name": "Load extend/application.js",
    "start": 1668263100822,
    "end": 1668263100833,
    "duration": 11,
    "pid": 16164,
    "index": 21
  },
  {
    "name": "Require(16) /Users/wangkai/wangkai/qf/b-hooks/react-project-server/node_modules/egg-session/app/extend/application.js",
    "start": 1668263100822,
    "end": 1668263100823,
    "duration": 1,
    "pid": 16164,
    "index": 22
  },
  {
    "name": "Require(17) /Users/wangkai/wangkai/qf/b-hooks/react-project-server/node_modules/egg-security/app/extend/application.js",
    "start": 1668263100823,
    "end": 1668263100823,
    "duration": 0,
    "pid": 16164,
    "index": 23
  },
  {
    "name": "Require(18) /Users/wangkai/wangkai/qf/b-hooks/react-project-server/node_modules/egg-jsonp/app/extend/application.js",
    "start": 1668263100823,
    "end": 1668263100825,
    "duration": 2,
    "pid": 16164,
    "index": 24
  },
  {
    "name": "Require(19) /Users/wangkai/wangkai/qf/b-hooks/react-project-server/node_modules/egg-schedule/app/extend/application.js",
    "start": 1668263100825,
    "end": 1668263100825,
    "duration": 0,
    "pid": 16164,
    "index": 25
  },
  {
    "name": "Require(20) /Users/wangkai/wangkai/qf/b-hooks/react-project-server/node_modules/egg-mock/app/extend/application.js",
    "start": 1668263100826,
    "end": 1668263100830,
    "duration": 4,
    "pid": 16164,
    "index": 26
  },
  {
    "name": "Require(21) /Users/wangkai/wangkai/qf/b-hooks/react-project-server/node_modules/@midwayjs/mock/app/extend/application.js",
    "start": 1668263100830,
    "end": 1668263100831,
    "duration": 1,
    "pid": 16164,
    "index": 27
  },
  {
    "name": "Require(22) /Users/wangkai/wangkai/qf/b-hooks/react-project-server/node_modules/@midwayjs/web/app/extend/application.js",
    "start": 1668263100831,
    "end": 1668263100832,
    "duration": 1,
    "pid": 16164,
    "index": 28
  },
  {
    "name": "Load extend/request.js",
    "start": 1668263100833,
    "end": 1668263100835,
    "duration": 2,
    "pid": 16164,
    "index": 29
  },
  {
    "name": "Require(23) /Users/wangkai/wangkai/qf/b-hooks/react-project-server/node_modules/egg/app/extend/request.js",
    "start": 1668263100834,
    "end": 1668263100834,
    "duration": 0,
    "pid": 16164,
    "index": 30
  },
  {
    "name": "Load extend/response.js",
    "start": 1668263100835,
    "end": 1668263100837,
    "duration": 2,
    "pid": 16164,
    "index": 31
  },
  {
    "name": "Require(24) /Users/wangkai/wangkai/qf/b-hooks/react-project-server/node_modules/egg/app/extend/response.js",
    "start": 1668263100835,
    "end": 1668263100837,
    "duration": 2,
    "pid": 16164,
    "index": 32
  },
  {
    "name": "Load extend/context.js",
    "start": 1668263100837,
    "end": 1668263100838,
    "duration": 1,
    "pid": 16164,
    "index": 33
  },
  {
    "name": "Require(25) /Users/wangkai/wangkai/qf/b-hooks/react-project-server/node_modules/egg-security/app/extend/context.js",
    "start": 1668263100837,
    "end": 1668263100837,
    "duration": 0,
    "pid": 16164,
    "index": 34
  },
  {
    "name": "Require(26) /Users/wangkai/wangkai/qf/b-hooks/react-project-server/node_modules/egg-jsonp/app/extend/context.js",
    "start": 1668263100838,
    "end": 1668263100838,
    "duration": 0,
    "pid": 16164,
    "index": 35
  },
  {
    "name": "Require(27) /Users/wangkai/wangkai/qf/b-hooks/react-project-server/node_modules/egg-i18n/app/extend/context.js",
    "start": 1668263100838,
    "end": 1668263100838,
    "duration": 0,
    "pid": 16164,
    "index": 36
  },
  {
    "name": "Require(28) /Users/wangkai/wangkai/qf/b-hooks/react-project-server/node_modules/egg-multipart/app/extend/context.js",
    "start": 1668263100838,
    "end": 1668263100838,
    "duration": 0,
    "pid": 16164,
    "index": 37
  },
  {
    "name": "Require(29) /Users/wangkai/wangkai/qf/b-hooks/react-project-server/node_modules/egg/app/extend/context.js",
    "start": 1668263100838,
    "end": 1668263100838,
    "duration": 0,
    "pid": 16164,
    "index": 38
  },
  {
    "name": "Require(30) /Users/wangkai/wangkai/qf/b-hooks/react-project-server/node_modules/@midwayjs/web/app/extend/context.js",
    "start": 1668263100838,
    "end": 1668263100838,
    "duration": 0,
    "pid": 16164,
    "index": 39
  },
  {
    "name": "Load extend/helper.js",
    "start": 1668263100838,
    "end": 1668263100851,
    "duration": 13,
    "pid": 16164,
    "index": 40
  },
  {
    "name": "Require(31) /Users/wangkai/wangkai/qf/b-hooks/react-project-server/node_modules/egg-security/app/extend/helper.js",
    "start": 1668263100838,
    "end": 1668263100850,
    "duration": 12,
    "pid": 16164,
    "index": 41
  },
  {
    "name": "Require(32) /Users/wangkai/wangkai/qf/b-hooks/react-project-server/node_modules/egg/app/extend/helper.js",
    "start": 1668263100850,
    "end": 1668263100850,
    "duration": 0,
    "pid": 16164,
    "index": 42
  },
  {
    "name": "Load app.js",
    "start": 1668263100851,
    "end": 1668263100867,
    "duration": 16,
    "pid": 16164,
    "index": 43
  },
  {
    "name": "Require(33) /Users/wangkai/wangkai/qf/b-hooks/react-project-server/node_modules/egg-session/app.js",
    "start": 1668263100851,
    "end": 1668263100851,
    "duration": 0,
    "pid": 16164,
    "index": 44
  },
  {
    "name": "Require(34) /Users/wangkai/wangkai/qf/b-hooks/react-project-server/node_modules/egg-security/app.js",
    "start": 1668263100851,
    "end": 1668263100852,
    "duration": 1,
    "pid": 16164,
    "index": 45
  },
  {
    "name": "Require(35) /Users/wangkai/wangkai/qf/b-hooks/react-project-server/node_modules/egg-onerror/app.js",
    "start": 1668263100852,
    "end": 1668263100856,
    "duration": 4,
    "pid": 16164,
    "index": 46
  },
  {
    "name": "Require(36) /Users/wangkai/wangkai/qf/b-hooks/react-project-server/node_modules/egg-i18n/app.js",
    "start": 1668263100857,
    "end": 1668263100863,
    "duration": 6,
    "pid": 16164,
    "index": 47
  },
  {
    "name": "Require(37) /Users/wangkai/wangkai/qf/b-hooks/react-project-server/node_modules/egg-schedule/app.js",
    "start": 1668263100863,
    "end": 1668263100864,
    "duration": 1,
    "pid": 16164,
    "index": 48
  },
  {
    "name": "Require(38) /Users/wangkai/wangkai/qf/b-hooks/react-project-server/node_modules/egg-multipart/app.js",
    "start": 1668263100864,
    "end": 1668263100864,
    "duration": 0,
    "pid": 16164,
    "index": 49
  },
  {
    "name": "Require(39) /Users/wangkai/wangkai/qf/b-hooks/react-project-server/node_modules/egg-static/app.js",
    "start": 1668263100864,
    "end": 1668263100865,
    "duration": 1,
    "pid": 16164,
    "index": 50
  },
  {
    "name": "Require(40) /Users/wangkai/wangkai/qf/b-hooks/react-project-server/node_modules/midway-schedule/app.js",
    "start": 1668263100865,
    "end": 1668263100866,
    "duration": 1,
    "pid": 16164,
    "index": 51
  },
  {
    "name": "Require(41) /Users/wangkai/wangkai/qf/b-hooks/react-project-server/node_modules/egg-mock/app.js",
    "start": 1668263100866,
    "end": 1668263100866,
    "duration": 0,
    "pid": 16164,
    "index": 52
  },
  {
    "name": "Require(42) /Users/wangkai/wangkai/qf/b-hooks/react-project-server/node_modules/@midwayjs/web/app.js",
    "start": 1668263100867,
    "end": 1668263100867,
    "duration": 0,
    "pid": 16164,
    "index": 53
  },
  {
    "name": "Did Load in /Users/wangkai/wangkai/qf/b-hooks/react-project-server/node_modules/@midwayjs/web/app.js:didLoad",
    "start": 1668263100872,
    "end": 1668263100922,
    "duration": 50,
    "pid": 16164,
    "index": 54
  },
  {
    "name": "Load Service",
    "start": 1668263100872,
    "end": 1668263100875,
    "duration": 3,
    "pid": 16164,
    "index": 55
  },
  {
    "name": "Load \"service\" to Context",
    "start": 1668263100872,
    "end": 1668263100875,
    "duration": 3,
    "pid": 16164,
    "index": 56
  },
  {
    "name": "Load Middleware",
    "start": 1668263100875,
    "end": 1668263100921,
    "duration": 46,
    "pid": 16164,
    "index": 57
  },
  {
    "name": "Load \"middlewares\" to Application",
    "start": 1668263100875,
    "end": 1668263100921,
    "duration": 46,
    "pid": 16164,
    "index": 58
  },
  {
    "name": "Load Controller",
    "start": 1668263100921,
    "end": 1668263100921,
    "duration": 0,
    "pid": 16164,
    "index": 59
  },
  {
    "name": "Load \"controller\" to Application",
    "start": 1668263100921,
    "end": 1668263100921,
    "duration": 0,
    "pid": 16164,
    "index": 60
  },
  {
    "name": "Load Router",
    "start": 1668263100921,
    "end": 1668263100921,
    "duration": 0,
    "pid": 16164,
    "index": 61
  },
  {
    "name": "Will Ready in /Users/wangkai/wangkai/qf/b-hooks/react-project-server/node_modules/@midwayjs/web/app.js:willReady",
    "start": 1668263100922,
    "end": 1668263100979,
    "duration": 57,
    "pid": 16164,
    "index": 62
  }
]