[
  {
    "name": "Process Start",
    "start": 1667302960780,
    "end": 1667302962787,
    "duration": 2007,
    "pid": 52629,
    "index": 0
  },
  {
    "name": "Application Start",
    "start": 1667302962787,
    "end": 1667302963682,
    "duration": 895,
    "pid": 52629,
    "index": 1
  },
  {
    "name": "Load Plugin",
    "start": 1667302962788,
    "end": 1667302962789,
    "duration": 1,
    "pid": 52629,
    "index": 2
  },
  {
    "name": "Load Config",
    "start": 1667302962789,
    "end": 1667302962791,
    "duration": 2,
    "pid": 52629,
    "index": 3
  },
  {
    "name": "Require(0) config/config.default.ts",
    "start": 1667302962789,
    "end": 1667302962789,
    "duration": 0,
    "pid": 52629,
    "index": 4
  },
  {
    "name": "Require(1) config/config.local.ts",
    "start": 1667302962789,
    "end": 1667302962789,
    "duration": 0,
    "pid": 52629,
    "index": 5
  },
  {
    "name": "Require(2) /Users/wangkai/wangkai/qf/b-hooks/react-project-server/node_modules/egg-session/config/config.default.js",
    "start": 1667302962790,
    "end": 1667302962790,
    "duration": 0,
    "pid": 52629,
    "index": 6
  },
  {
    "name": "Require(3) /Users/wangkai/wangkai/qf/b-hooks/react-project-server/node_modules/egg-security/config/config.default.js",
    "start": 1667302962790,
    "end": 1667302962790,
    "duration": 0,
    "pid": 52629,
    "index": 7
  },
  {
    "name": "Require(4) /Users/wangkai/wangkai/qf/b-hooks/react-project-server/node_modules/egg-jsonp/config/config.default.js",
    "start": 1667302962790,
    "end": 1667302962790,
    "duration": 0,
    "pid": 52629,
    "index": 8
  },
  {
    "name": "Require(5) /Users/wangkai/wangkai/qf/b-hooks/react-project-server/node_modules/egg-onerror/config/config.default.js",
    "start": 1667302962790,
    "end": 1667302962790,
    "duration": 0,
    "pid": 52629,
    "index": 9
  },
  {
    "name": "Require(6) /Users/wangkai/wangkai/qf/b-hooks/react-project-server/node_modules/egg-i18n/config/config.default.js",
    "start": 1667302962790,
    "end": 1667302962790,
    "duration": 0,
    "pid": 52629,
    "index": 10
  },
  {
    "name": "Require(7) /Users/wangkai/wangkai/qf/b-hooks/react-project-server/node_modules/egg-schedule/config/config.default.js",
    "start": 1667302962790,
    "end": 1667302962790,
    "duration": 0,
    "pid": 52629,
    "index": 11
  },
  {
    "name": "Require(8) /Users/wangkai/wangkai/qf/b-hooks/react-project-server/node_modules/egg-multipart/config/config.default.js",
    "start": 1667302962790,
    "end": 1667302962790,
    "duration": 0,
    "pid": 52629,
    "index": 12
  },
  {
    "name": "Require(9) /Users/wangkai/wangkai/qf/b-hooks/react-project-server/node_modules/egg-static/config/config.default.js",
    "start": 1667302962790,
    "end": 1667302962790,
    "duration": 0,
    "pid": 52629,
    "index": 13
  },
  {
    "name": "Require(10) /Users/wangkai/wangkai/qf/b-hooks/react-project-server/node_modules/egg/config/config.default.js",
    "start": 1667302962790,
    "end": 1667302962790,
    "duration": 0,
    "pid": 52629,
    "index": 14
  },
  {
    "name": "Require(11) /Users/wangkai/wangkai/qf/b-hooks/react-project-server/node_modules/@midwayjs/web/config/config.default.js",
    "start": 1667302962791,
    "end": 1667302962791,
    "duration": 0,
    "pid": 52629,
    "index": 15
  },
  {
    "name": "Require(12) config/config.default.ts",
    "start": 1667302962791,
    "end": 1667302962791,
    "duration": 0,
    "pid": 52629,
    "index": 16
  },
  {
    "name": "Require(13) /Users/wangkai/wangkai/qf/b-hooks/react-project-server/node_modules/egg-security/config/config.local.js",
    "start": 1667302962791,
    "end": 1667302962791,
    "duration": 0,
    "pid": 52629,
    "index": 17
  },
  {
    "name": "Require(14) /Users/wangkai/wangkai/qf/b-hooks/react-project-server/node_modules/egg/config/config.local.js",
    "start": 1667302962791,
    "end": 1667302962791,
    "duration": 0,
    "pid": 52629,
    "index": 18
  },
  {
    "name": "Require(15) config/config.local.ts",
    "start": 1667302962791,
    "end": 1667302962791,
    "duration": 0,
    "pid": 52629,
    "index": 19
  },
  {
    "name": "Before Start in node_modules/@midwayjs/web/dist/framework/web.js:45:22",
    "start": 1667302962792,
    "end": 1667302962892,
    "duration": 100,
    "pid": 52629,
    "index": 20
  },
  {
    "name": "Load extend/application.js",
    "start": 1667302962799,
    "end": 1667302962806,
    "duration": 7,
    "pid": 52629,
    "index": 21
  },
  {
    "name": "Require(16) /Users/wangkai/wangkai/qf/b-hooks/react-project-server/node_modules/egg-session/app/extend/application.js",
    "start": 1667302962799,
    "end": 1667302962800,
    "duration": 1,
    "pid": 52629,
    "index": 22
  },
  {
    "name": "Require(17) /Users/wangkai/wangkai/qf/b-hooks/react-project-server/node_modules/egg-security/app/extend/application.js",
    "start": 1667302962800,
    "end": 1667302962800,
    "duration": 0,
    "pid": 52629,
    "index": 23
  },
  {
    "name": "Require(18) /Users/wangkai/wangkai/qf/b-hooks/react-project-server/node_modules/egg-jsonp/app/extend/application.js",
    "start": 1667302962801,
    "end": 1667302962801,
    "duration": 0,
    "pid": 52629,
    "index": 24
  },
  {
    "name": "Require(19) /Users/wangkai/wangkai/qf/b-hooks/react-project-server/node_modules/egg-schedule/app/extend/application.js",
    "start": 1667302962801,
    "end": 1667302962802,
    "duration": 1,
    "pid": 52629,
    "index": 25
  },
  {
    "name": "Require(20) /Users/wangkai/wangkai/qf/b-hooks/react-project-server/node_modules/egg-mock/app/extend/application.js",
    "start": 1667302962802,
    "end": 1667302962804,
    "duration": 2,
    "pid": 52629,
    "index": 26
  },
  {
    "name": "Require(21) /Users/wangkai/wangkai/qf/b-hooks/react-project-server/node_modules/@midwayjs/mock/app/extend/application.js",
    "start": 1667302962804,
    "end": 1667302962805,
    "duration": 1,
    "pid": 52629,
    "index": 27
  },
  {
    "name": "Require(22) /Users/wangkai/wangkai/qf/b-hooks/react-project-server/node_modules/@midwayjs/web/app/extend/application.js",
    "start": 1667302962805,
    "end": 1667302962805,
    "duration": 0,
    "pid": 52629,
    "index": 28
  },
  {
    "name": "Load extend/request.js",
    "start": 1667302962806,
    "end": 1667302962807,
    "duration": 1,
    "pid": 52629,
    "index": 29
  },
  {
    "name": "Require(23) /Users/wangkai/wangkai/qf/b-hooks/react-project-server/node_modules/egg/app/extend/request.js",
    "start": 1667302962806,
    "end": 1667302962807,
    "duration": 1,
    "pid": 52629,
    "index": 30
  },
  {
    "name": "Load extend/response.js",
    "start": 1667302962807,
    "end": 1667302962809,
    "duration": 2,
    "pid": 52629,
    "index": 31
  },
  {
    "name": "Require(24) /Users/wangkai/wangkai/qf/b-hooks/react-project-server/node_modules/egg/app/extend/response.js",
    "start": 1667302962808,
    "end": 1667302962809,
    "duration": 1,
    "pid": 52629,
    "index": 32
  },
  {
    "name": "Load extend/context.js",
    "start": 1667302962809,
    "end": 1667302962810,
    "duration": 1,
    "pid": 52629,
    "index": 33
  },
  {
    "name": "Require(25) /Users/wangkai/wangkai/qf/b-hooks/react-project-server/node_modules/egg-security/app/extend/context.js",
    "start": 1667302962809,
    "end": 1667302962810,
    "duration": 1,
    "pid": 52629,
    "index": 34
  },
  {
    "name": "Require(26) /Users/wangkai/wangkai/qf/b-hooks/react-project-server/node_modules/egg-jsonp/app/extend/context.js",
    "start": 1667302962810,
    "end": 1667302962810,
    "duration": 0,
    "pid": 52629,
    "index": 35
  },
  {
    "name": "Require(27) /Users/wangkai/wangkai/qf/b-hooks/react-project-server/node_modules/egg-i18n/app/extend/context.js",
    "start": 1667302962810,
    "end": 1667302962810,
    "duration": 0,
    "pid": 52629,
    "index": 36
  },
  {
    "name": "Require(28) /Users/wangkai/wangkai/qf/b-hooks/react-project-server/node_modules/egg-multipart/app/extend/context.js",
    "start": 1667302962810,
    "end": 1667302962810,
    "duration": 0,
    "pid": 52629,
    "index": 37
  },
  {
    "name": "Require(29) /Users/wangkai/wangkai/qf/b-hooks/react-project-server/node_modules/egg/app/extend/context.js",
    "start": 1667302962810,
    "end": 1667302962810,
    "duration": 0,
    "pid": 52629,
    "index": 38
  },
  {
    "name": "Require(30) /Users/wangkai/wangkai/qf/b-hooks/react-project-server/node_modules/@midwayjs/web/app/extend/context.js",
    "start": 1667302962810,
    "end": 1667302962810,
    "duration": 0,
    "pid": 52629,
    "index": 39
  },
  {
    "name": "Load extend/helper.js",
    "start": 1667302962810,
    "end": 1667302962821,
    "duration": 11,
    "pid": 52629,
    "index": 40
  },
  {
    "name": "Require(31) /Users/wangkai/wangkai/qf/b-hooks/react-project-server/node_modules/egg-security/app/extend/helper.js",
    "start": 1667302962810,
    "end": 1667302962820,
    "duration": 10,
    "pid": 52629,
    "index": 41
  },
  {
    "name": "Require(32) /Users/wangkai/wangkai/qf/b-hooks/react-project-server/node_modules/egg/app/extend/helper.js",
    "start": 1667302962820,
    "end": 1667302962820,
    "duration": 0,
    "pid": 52629,
    "index": 42
  },
  {
    "name": "Load app.js",
    "start": 1667302962821,
    "end": 1667302962838,
    "duration": 17,
    "pid": 52629,
    "index": 43
  },
  {
    "name": "Require(33) /Users/wangkai/wangkai/qf/b-hooks/react-project-server/node_modules/egg-session/app.js",
    "start": 1667302962821,
    "end": 1667302962821,
    "duration": 0,
    "pid": 52629,
    "index": 44
  },
  {
    "name": "Require(34) /Users/wangkai/wangkai/qf/b-hooks/react-project-server/node_modules/egg-security/app.js",
    "start": 1667302962821,
    "end": 1667302962823,
    "duration": 2,
    "pid": 52629,
    "index": 45
  },
  {
    "name": "Require(35) /Users/wangkai/wangkai/qf/b-hooks/react-project-server/node_modules/egg-onerror/app.js",
    "start": 1667302962824,
    "end": 1667302962827,
    "duration": 3,
    "pid": 52629,
    "index": 46
  },
  {
    "name": "Require(36) /Users/wangkai/wangkai/qf/b-hooks/react-project-server/node_modules/egg-i18n/app.js",
    "start": 1667302962828,
    "end": 1667302962836,
    "duration": 8,
    "pid": 52629,
    "index": 47
  },
  {
    "name": "Require(37) /Users/wangkai/wangkai/qf/b-hooks/react-project-server/node_modules/egg-schedule/app.js",
    "start": 1667302962836,
    "end": 1667302962836,
    "duration": 0,
    "pid": 52629,
    "index": 48
  },
  {
    "name": "Require(38) /Users/wangkai/wangkai/qf/b-hooks/react-project-server/node_modules/egg-multipart/app.js",
    "start": 1667302962836,
    "end": 1667302962837,
    "duration": 1,
    "pid": 52629,
    "index": 49
  },
  {
    "name": "Require(39) /Users/wangkai/wangkai/qf/b-hooks/react-project-server/node_modules/egg-static/app.js",
    "start": 1667302962837,
    "end": 1667302962837,
    "duration": 0,
    "pid": 52629,
    "index": 50
  },
  {
    "name": "Require(40) /Users/wangkai/wangkai/qf/b-hooks/react-project-server/node_modules/midway-schedule/app.js",
    "start": 1667302962837,
    "end": 1667302962837,
    "duration": 0,
    "pid": 52629,
    "index": 51
  },
  {
    "name": "Require(41) /Users/wangkai/wangkai/qf/b-hooks/react-project-server/node_modules/egg-mock/app.js",
    "start": 1667302962837,
    "end": 1667302962838,
    "duration": 1,
    "pid": 52629,
    "index": 52
  },
  {
    "name": "Require(42) /Users/wangkai/wangkai/qf/b-hooks/react-project-server/node_modules/@midwayjs/web/app.js",
    "start": 1667302962838,
    "end": 1667302962838,
    "duration": 0,
    "pid": 52629,
    "index": 53
  },
  {
    "name": "Did Load in /Users/wangkai/wangkai/qf/b-hooks/react-project-server/node_modules/@midwayjs/web/app.js:didLoad",
    "start": 1667302962843,
    "end": 1667302962892,
    "duration": 49,
    "pid": 52629,
    "index": 54
  },
  {
    "name": "Load Service",
    "start": 1667302962843,
    "end": 1667302962846,
    "duration": 3,
    "pid": 52629,
    "index": 55
  },
  {
    "name": "Load \"service\" to Context",
    "start": 1667302962844,
    "end": 1667302962846,
    "duration": 2,
    "pid": 52629,
    "index": 56
  },
  {
    "name": "Load Middleware",
    "start": 1667302962846,
    "end": 1667302962891,
    "duration": 45,
    "pid": 52629,
    "index": 57
  },
  {
    "name": "Load \"middlewares\" to Application",
    "start": 1667302962846,
    "end": 1667302962891,
    "duration": 45,
    "pid": 52629,
    "index": 58
  },
  {
    "name": "Load Controller",
    "start": 1667302962891,
    "end": 1667302962892,
    "duration": 1,
    "pid": 52629,
    "index": 59
  },
  {
    "name": "Load \"controller\" to Application",
    "start": 1667302962891,
    "end": 1667302962892,
    "duration": 1,
    "pid": 52629,
    "index": 60
  },
  {
    "name": "Load Router",
    "start": 1667302962892,
    "end": 1667302962892,
    "duration": 0,
    "pid": 52629,
    "index": 61
  },
  {
    "name": "Will Ready in /Users/wangkai/wangkai/qf/b-hooks/react-project-server/node_modules/@midwayjs/web/app.js:willReady",
    "start": 1667302962892,
    "end": 1667302963682,
    "duration": 790,
    "pid": 52629,
    "index": 62
  }
]