[
  {
    "name": "Process Start",
    "start": 1666702763560,
    "end": 1666702765453,
    "duration": 1893,
    "pid": 58318,
    "index": 0
  },
  {
    "name": "Application Start",
    "start": 1666702765453,
    "end": 1666702765876,
    "duration": 423,
    "pid": 58318,
    "index": 1
  },
  {
    "name": "Load Plugin",
    "start": 1666702765453,
    "end": 1666702765454,
    "duration": 1,
    "pid": 58318,
    "index": 2
  },
  {
    "name": "Load Config",
    "start": 1666702765454,
    "end": 1666702765457,
    "duration": 3,
    "pid": 58318,
    "index": 3
  },
  {
    "name": "Require(0) config/config.default.ts",
    "start": 1666702765454,
    "end": 1666702765454,
    "duration": 0,
    "pid": 58318,
    "index": 4
  },
  {
    "name": "Require(1) config/config.local.ts",
    "start": 1666702765454,
    "end": 1666702765454,
    "duration": 0,
    "pid": 58318,
    "index": 5
  },
  {
    "name": "Require(2) /Users/wangkai/wangkai/qf/b-hooks/react-project-server/node_modules/egg-session/config/config.default.js",
    "start": 1666702765455,
    "end": 1666702765455,
    "duration": 0,
    "pid": 58318,
    "index": 6
  },
  {
    "name": "Require(3) /Users/wangkai/wangkai/qf/b-hooks/react-project-server/node_modules/egg-security/config/config.default.js",
    "start": 1666702765455,
    "end": 1666702765455,
    "duration": 0,
    "pid": 58318,
    "index": 7
  },
  {
    "name": "Require(4) /Users/wangkai/wangkai/qf/b-hooks/react-project-server/node_modules/egg-jsonp/config/config.default.js",
    "start": 1666702765455,
    "end": 1666702765455,
    "duration": 0,
    "pid": 58318,
    "index": 8
  },
  {
    "name": "Require(5) /Users/wangkai/wangkai/qf/b-hooks/react-project-server/node_modules/egg-onerror/config/config.default.js",
    "start": 1666702765455,
    "end": 1666702765455,
    "duration": 0,
    "pid": 58318,
    "index": 9
  },
  {
    "name": "Require(6) /Users/wangkai/wangkai/qf/b-hooks/react-project-server/node_modules/egg-i18n/config/config.default.js",
    "start": 1666702765455,
    "end": 1666702765455,
    "duration": 0,
    "pid": 58318,
    "index": 10
  },
  {
    "name": "Require(7) /Users/wangkai/wangkai/qf/b-hooks/react-project-server/node_modules/egg-schedule/config/config.default.js",
    "start": 1666702765455,
    "end": 1666702765455,
    "duration": 0,
    "pid": 58318,
    "index": 11
  },
  {
    "name": "Require(8) /Users/wangkai/wangkai/qf/b-hooks/react-project-server/node_modules/egg-multipart/config/config.default.js",
    "start": 1666702765455,
    "end": 1666702765455,
    "duration": 0,
    "pid": 58318,
    "index": 12
  },
  {
    "name": "Require(9) /Users/wangkai/wangkai/qf/b-hooks/react-project-server/node_modules/egg-static/config/config.default.js",
    "start": 1666702765455,
    "end": 1666702765455,
    "duration": 0,
    "pid": 58318,
    "index": 13
  },
  {
    "name": "Require(10) /Users/wangkai/wangkai/qf/b-hooks/react-project-server/node_modules/egg/config/config.default.js",
    "start": 1666702765455,
    "end": 1666702765455,
    "duration": 0,
    "pid": 58318,
    "index": 14
  },
  {
    "name": "Require(11) /Users/wangkai/wangkai/qf/b-hooks/react-project-server/node_modules/@midwayjs/web/config/config.default.js",
    "start": 1666702765456,
    "end": 1666702765456,
    "duration": 0,
    "pid": 58318,
    "index": 15
  },
  {
    "name": "Require(12) config/config.default.ts",
    "start": 1666702765456,
    "end": 1666702765456,
    "duration": 0,
    "pid": 58318,
    "index": 16
  },
  {
    "name": "Require(13) /Users/wangkai/wangkai/qf/b-hooks/react-project-server/node_modules/egg-security/config/config.local.js",
    "start": 1666702765456,
    "end": 1666702765456,
    "duration": 0,
    "pid": 58318,
    "index": 17
  },
  {
    "name": "Require(14) /Users/wangkai/wangkai/qf/b-hooks/react-project-server/node_modules/egg/config/config.local.js",
    "start": 1666702765456,
    "end": 1666702765456,
    "duration": 0,
    "pid": 58318,
    "index": 18
  },
  {
    "name": "Require(15) config/config.local.ts",
    "start": 1666702765456,
    "end": 1666702765456,
    "duration": 0,
    "pid": 58318,
    "index": 19
  },
  {
    "name": "Before Start in node_modules/@midwayjs/web/dist/framework/web.js:45:22",
    "start": 1666702765457,
    "end": 1666702765548,
    "duration": 91,
    "pid": 58318,
    "index": 20
  },
  {
    "name": "Load extend/application.js",
    "start": 1666702765462,
    "end": 1666702765467,
    "duration": 5,
    "pid": 58318,
    "index": 21
  },
  {
    "name": "Require(16) /Users/wangkai/wangkai/qf/b-hooks/react-project-server/node_modules/egg-session/app/extend/application.js",
    "start": 1666702765462,
    "end": 1666702765462,
    "duration": 0,
    "pid": 58318,
    "index": 22
  },
  {
    "name": "Require(17) /Users/wangkai/wangkai/qf/b-hooks/react-project-server/node_modules/egg-security/app/extend/application.js",
    "start": 1666702765463,
    "end": 1666702765463,
    "duration": 0,
    "pid": 58318,
    "index": 23
  },
  {
    "name": "Require(18) /Users/wangkai/wangkai/qf/b-hooks/react-project-server/node_modules/egg-jsonp/app/extend/application.js",
    "start": 1666702765463,
    "end": 1666702765463,
    "duration": 0,
    "pid": 58318,
    "index": 24
  },
  {
    "name": "Require(19) /Users/wangkai/wangkai/qf/b-hooks/react-project-server/node_modules/egg-schedule/app/extend/application.js",
    "start": 1666702765464,
    "end": 1666702765464,
    "duration": 0,
    "pid": 58318,
    "index": 25
  },
  {
    "name": "Require(20) /Users/wangkai/wangkai/qf/b-hooks/react-project-server/node_modules/egg-mock/app/extend/application.js",
    "start": 1666702765464,
    "end": 1666702765466,
    "duration": 2,
    "pid": 58318,
    "index": 26
  },
  {
    "name": "Require(21) /Users/wangkai/wangkai/qf/b-hooks/react-project-server/node_modules/@midwayjs/mock/app/extend/application.js",
    "start": 1666702765466,
    "end": 1666702765466,
    "duration": 0,
    "pid": 58318,
    "index": 27
  },
  {
    "name": "Require(22) /Users/wangkai/wangkai/qf/b-hooks/react-project-server/node_modules/@midwayjs/web/app/extend/application.js",
    "start": 1666702765467,
    "end": 1666702765467,
    "duration": 0,
    "pid": 58318,
    "index": 28
  },
  {
    "name": "Load extend/request.js",
    "start": 1666702765467,
    "end": 1666702765469,
    "duration": 2,
    "pid": 58318,
    "index": 29
  },
  {
    "name": "Require(23) /Users/wangkai/wangkai/qf/b-hooks/react-project-server/node_modules/egg/app/extend/request.js",
    "start": 1666702765468,
    "end": 1666702765468,
    "duration": 0,
    "pid": 58318,
    "index": 30
  },
  {
    "name": "Load extend/response.js",
    "start": 1666702765469,
    "end": 1666702765470,
    "duration": 1,
    "pid": 58318,
    "index": 31
  },
  {
    "name": "Require(24) /Users/wangkai/wangkai/qf/b-hooks/react-project-server/node_modules/egg/app/extend/response.js",
    "start": 1666702765469,
    "end": 1666702765470,
    "duration": 1,
    "pid": 58318,
    "index": 32
  },
  {
    "name": "Load extend/context.js",
    "start": 1666702765470,
    "end": 1666702765471,
    "duration": 1,
    "pid": 58318,
    "index": 33
  },
  {
    "name": "Require(25) /Users/wangkai/wangkai/qf/b-hooks/react-project-server/node_modules/egg-security/app/extend/context.js",
    "start": 1666702765470,
    "end": 1666702765470,
    "duration": 0,
    "pid": 58318,
    "index": 34
  },
  {
    "name": "Require(26) /Users/wangkai/wangkai/qf/b-hooks/react-project-server/node_modules/egg-jsonp/app/extend/context.js",
    "start": 1666702765470,
    "end": 1666702765470,
    "duration": 0,
    "pid": 58318,
    "index": 35
  },
  {
    "name": "Require(27) /Users/wangkai/wangkai/qf/b-hooks/react-project-server/node_modules/egg-i18n/app/extend/context.js",
    "start": 1666702765470,
    "end": 1666702765470,
    "duration": 0,
    "pid": 58318,
    "index": 36
  },
  {
    "name": "Require(28) /Users/wangkai/wangkai/qf/b-hooks/react-project-server/node_modules/egg-multipart/app/extend/context.js",
    "start": 1666702765470,
    "end": 1666702765470,
    "duration": 0,
    "pid": 58318,
    "index": 37
  },
  {
    "name": "Require(29) /Users/wangkai/wangkai/qf/b-hooks/react-project-server/node_modules/egg/app/extend/context.js",
    "start": 1666702765470,
    "end": 1666702765470,
    "duration": 0,
    "pid": 58318,
    "index": 38
  },
  {
    "name": "Require(30) /Users/wangkai/wangkai/qf/b-hooks/react-project-server/node_modules/@midwayjs/web/app/extend/context.js",
    "start": 1666702765470,
    "end": 1666702765470,
    "duration": 0,
    "pid": 58318,
    "index": 39
  },
  {
    "name": "Load extend/helper.js",
    "start": 1666702765471,
    "end": 1666702765483,
    "duration": 12,
    "pid": 58318,
    "index": 40
  },
  {
    "name": "Require(31) /Users/wangkai/wangkai/qf/b-hooks/react-project-server/node_modules/egg-security/app/extend/helper.js",
    "start": 1666702765471,
    "end": 1666702765482,
    "duration": 11,
    "pid": 58318,
    "index": 41
  },
  {
    "name": "Require(32) /Users/wangkai/wangkai/qf/b-hooks/react-project-server/node_modules/egg/app/extend/helper.js",
    "start": 1666702765482,
    "end": 1666702765482,
    "duration": 0,
    "pid": 58318,
    "index": 42
  },
  {
    "name": "Load app.js",
    "start": 1666702765483,
    "end": 1666702765499,
    "duration": 16,
    "pid": 58318,
    "index": 43
  },
  {
    "name": "Require(33) /Users/wangkai/wangkai/qf/b-hooks/react-project-server/node_modules/egg-session/app.js",
    "start": 1666702765483,
    "end": 1666702765483,
    "duration": 0,
    "pid": 58318,
    "index": 44
  },
  {
    "name": "Require(34) /Users/wangkai/wangkai/qf/b-hooks/react-project-server/node_modules/egg-security/app.js",
    "start": 1666702765483,
    "end": 1666702765484,
    "duration": 1,
    "pid": 58318,
    "index": 45
  },
  {
    "name": "Require(35) /Users/wangkai/wangkai/qf/b-hooks/react-project-server/node_modules/egg-onerror/app.js",
    "start": 1666702765484,
    "end": 1666702765488,
    "duration": 4,
    "pid": 58318,
    "index": 46
  },
  {
    "name": "Require(36) /Users/wangkai/wangkai/qf/b-hooks/react-project-server/node_modules/egg-i18n/app.js",
    "start": 1666702765488,
    "end": 1666702765495,
    "duration": 7,
    "pid": 58318,
    "index": 47
  },
  {
    "name": "Require(37) /Users/wangkai/wangkai/qf/b-hooks/react-project-server/node_modules/egg-schedule/app.js",
    "start": 1666702765495,
    "end": 1666702765495,
    "duration": 0,
    "pid": 58318,
    "index": 48
  },
  {
    "name": "Require(38) /Users/wangkai/wangkai/qf/b-hooks/react-project-server/node_modules/egg-multipart/app.js",
    "start": 1666702765495,
    "end": 1666702765497,
    "duration": 2,
    "pid": 58318,
    "index": 49
  },
  {
    "name": "Require(39) /Users/wangkai/wangkai/qf/b-hooks/react-project-server/node_modules/egg-static/app.js",
    "start": 1666702765497,
    "end": 1666702765497,
    "duration": 0,
    "pid": 58318,
    "index": 50
  },
  {
    "name": "Require(40) /Users/wangkai/wangkai/qf/b-hooks/react-project-server/node_modules/midway-schedule/app.js",
    "start": 1666702765497,
    "end": 1666702765498,
    "duration": 1,
    "pid": 58318,
    "index": 51
  },
  {
    "name": "Require(41) /Users/wangkai/wangkai/qf/b-hooks/react-project-server/node_modules/egg-mock/app.js",
    "start": 1666702765498,
    "end": 1666702765498,
    "duration": 0,
    "pid": 58318,
    "index": 52
  },
  {
    "name": "Require(42) /Users/wangkai/wangkai/qf/b-hooks/react-project-server/node_modules/@midwayjs/web/app.js",
    "start": 1666702765498,
    "end": 1666702765498,
    "duration": 0,
    "pid": 58318,
    "index": 53
  },
  {
    "name": "Did Load in /Users/wangkai/wangkai/qf/b-hooks/react-project-server/node_modules/@midwayjs/web/app.js:didLoad",
    "start": 1666702765504,
    "end": 1666702765548,
    "duration": 44,
    "pid": 58318,
    "index": 54
  },
  {
    "name": "Load Service",
    "start": 1666702765504,
    "end": 1666702765506,
    "duration": 2,
    "pid": 58318,
    "index": 55
  },
  {
    "name": "Load \"service\" to Context",
    "start": 1666702765504,
    "end": 1666702765506,
    "duration": 2,
    "pid": 58318,
    "index": 56
  },
  {
    "name": "Load Middleware",
    "start": 1666702765507,
    "end": 1666702765547,
    "duration": 40,
    "pid": 58318,
    "index": 57
  },
  {
    "name": "Load \"middlewares\" to Application",
    "start": 1666702765507,
    "end": 1666702765547,
    "duration": 40,
    "pid": 58318,
    "index": 58
  },
  {
    "name": "Load Controller",
    "start": 1666702765547,
    "end": 1666702765547,
    "duration": 0,
    "pid": 58318,
    "index": 59
  },
  {
    "name": "Load \"controller\" to Application",
    "start": 1666702765547,
    "end": 1666702765547,
    "duration": 0,
    "pid": 58318,
    "index": 60
  },
  {
    "name": "Load Router",
    "start": 1666702765547,
    "end": 1666702765547,
    "duration": 0,
    "pid": 58318,
    "index": 61
  },
  {
    "name": "Will Ready in /Users/wangkai/wangkai/qf/b-hooks/react-project-server/node_modules/@midwayjs/web/app.js:willReady",
    "start": 1666702765548,
    "end": 1666702765873,
    "duration": 325,
    "pid": 58318,
    "index": 62
  }
]