[
  {
    "name": "Process Start",
    "start": 1663553606312,
    "end": 1663553607948,
    "duration": 1636,
    "pid": 56131,
    "index": 0
  },
  {
    "name": "Application Start",
    "start": 1663553607948,
    "end": 1663553608040,
    "duration": 92,
    "pid": 56131,
    "index": 1
  },
  {
    "name": "Load Plugin",
    "start": 1663553607949,
    "end": 1663553607950,
    "duration": 1,
    "pid": 56131,
    "index": 2
  },
  {
    "name": "Load Config",
    "start": 1663553607950,
    "end": 1663553607952,
    "duration": 2,
    "pid": 56131,
    "index": 3
  },
  {
    "name": "Require(0) config/config.default.ts",
    "start": 1663553607950,
    "end": 1663553607950,
    "duration": 0,
    "pid": 56131,
    "index": 4
  },
  {
    "name": "Require(1) config/config.local.ts",
    "start": 1663553607950,
    "end": 1663553607950,
    "duration": 0,
    "pid": 56131,
    "index": 5
  },
  {
    "name": "Require(2) /Users/wangkai/wangkai/liujie/jinhaiwuliu-server/node_modules/egg-session/config/config.default.js",
    "start": 1663553607950,
    "end": 1663553607950,
    "duration": 0,
    "pid": 56131,
    "index": 6
  },
  {
    "name": "Require(3) /Users/wangkai/wangkai/liujie/jinhaiwuliu-server/node_modules/egg-security/config/config.default.js",
    "start": 1663553607950,
    "end": 1663553607950,
    "duration": 0,
    "pid": 56131,
    "index": 7
  },
  {
    "name": "Require(4) /Users/wangkai/wangkai/liujie/jinhaiwuliu-server/node_modules/egg-jsonp/config/config.default.js",
    "start": 1663553607951,
    "end": 1663553607951,
    "duration": 0,
    "pid": 56131,
    "index": 8
  },
  {
    "name": "Require(5) /Users/wangkai/wangkai/liujie/jinhaiwuliu-server/node_modules/egg-onerror/config/config.default.js",
    "start": 1663553607951,
    "end": 1663553607951,
    "duration": 0,
    "pid": 56131,
    "index": 9
  },
  {
    "name": "Require(6) /Users/wangkai/wangkai/liujie/jinhaiwuliu-server/node_modules/egg-i18n/config/config.default.js",
    "start": 1663553607951,
    "end": 1663553607951,
    "duration": 0,
    "pid": 56131,
    "index": 10
  },
  {
    "name": "Require(7) /Users/wangkai/wangkai/liujie/jinhaiwuliu-server/node_modules/egg-schedule/config/config.default.js",
    "start": 1663553607951,
    "end": 1663553607951,
    "duration": 0,
    "pid": 56131,
    "index": 11
  },
  {
    "name": "Require(8) /Users/wangkai/wangkai/liujie/jinhaiwuliu-server/node_modules/egg-multipart/config/config.default.js",
    "start": 1663553607951,
    "end": 1663553607951,
    "duration": 0,
    "pid": 56131,
    "index": 12
  },
  {
    "name": "Require(9) /Users/wangkai/wangkai/liujie/jinhaiwuliu-server/node_modules/egg-static/config/config.default.js",
    "start": 1663553607951,
    "end": 1663553607951,
    "duration": 0,
    "pid": 56131,
    "index": 13
  },
  {
    "name": "Require(10) /Users/wangkai/wangkai/liujie/jinhaiwuliu-server/node_modules/egg/config/config.default.js",
    "start": 1663553607951,
    "end": 1663553607951,
    "duration": 0,
    "pid": 56131,
    "index": 14
  },
  {
    "name": "Require(11) /Users/wangkai/wangkai/liujie/jinhaiwuliu-server/node_modules/@midwayjs/web/config/config.default.js",
    "start": 1663553607951,
    "end": 1663553607951,
    "duration": 0,
    "pid": 56131,
    "index": 15
  },
  {
    "name": "Require(12) config/config.default.ts",
    "start": 1663553607951,
    "end": 1663553607951,
    "duration": 0,
    "pid": 56131,
    "index": 16
  },
  {
    "name": "Require(13) /Users/wangkai/wangkai/liujie/jinhaiwuliu-server/node_modules/egg-security/config/config.local.js",
    "start": 1663553607952,
    "end": 1663553607952,
    "duration": 0,
    "pid": 56131,
    "index": 17
  },
  {
    "name": "Require(14) /Users/wangkai/wangkai/liujie/jinhaiwuliu-server/node_modules/egg/config/config.local.js",
    "start": 1663553607952,
    "end": 1663553607952,
    "duration": 0,
    "pid": 56131,
    "index": 18
  },
  {
    "name": "Require(15) config/config.local.ts",
    "start": 1663553607952,
    "end": 1663553607952,
    "duration": 0,
    "pid": 56131,
    "index": 19
  },
  {
    "name": "Before Start in node_modules/@midwayjs/web/dist/framework/web.js:45:22",
    "start": 1663553607952,
    "end": 1663553608030,
    "duration": 78,
    "pid": 56131,
    "index": 20
  },
  {
    "name": "Load extend/application.js",
    "start": 1663553607958,
    "end": 1663553607964,
    "duration": 6,
    "pid": 56131,
    "index": 21
  },
  {
    "name": "Require(16) /Users/wangkai/wangkai/liujie/jinhaiwuliu-server/node_modules/egg-session/app/extend/application.js",
    "start": 1663553607958,
    "end": 1663553607958,
    "duration": 0,
    "pid": 56131,
    "index": 22
  },
  {
    "name": "Require(17) /Users/wangkai/wangkai/liujie/jinhaiwuliu-server/node_modules/egg-security/app/extend/application.js",
    "start": 1663553607958,
    "end": 1663553607959,
    "duration": 1,
    "pid": 56131,
    "index": 23
  },
  {
    "name": "Require(18) /Users/wangkai/wangkai/liujie/jinhaiwuliu-server/node_modules/egg-jsonp/app/extend/application.js",
    "start": 1663553607959,
    "end": 1663553607959,
    "duration": 0,
    "pid": 56131,
    "index": 24
  },
  {
    "name": "Require(19) /Users/wangkai/wangkai/liujie/jinhaiwuliu-server/node_modules/egg-schedule/app/extend/application.js",
    "start": 1663553607959,
    "end": 1663553607960,
    "duration": 1,
    "pid": 56131,
    "index": 25
  },
  {
    "name": "Require(20) /Users/wangkai/wangkai/liujie/jinhaiwuliu-server/node_modules/egg-mock/app/extend/application.js",
    "start": 1663553607960,
    "end": 1663553607962,
    "duration": 2,
    "pid": 56131,
    "index": 26
  },
  {
    "name": "Require(21) /Users/wangkai/wangkai/liujie/jinhaiwuliu-server/node_modules/@midwayjs/mock/app/extend/application.js",
    "start": 1663553607962,
    "end": 1663553607963,
    "duration": 1,
    "pid": 56131,
    "index": 27
  },
  {
    "name": "Require(22) /Users/wangkai/wangkai/liujie/jinhaiwuliu-server/node_modules/@midwayjs/web/app/extend/application.js",
    "start": 1663553607963,
    "end": 1663553607963,
    "duration": 0,
    "pid": 56131,
    "index": 28
  },
  {
    "name": "Load extend/request.js",
    "start": 1663553607964,
    "end": 1663553607965,
    "duration": 1,
    "pid": 56131,
    "index": 29
  },
  {
    "name": "Require(23) /Users/wangkai/wangkai/liujie/jinhaiwuliu-server/node_modules/egg/app/extend/request.js",
    "start": 1663553607964,
    "end": 1663553607965,
    "duration": 1,
    "pid": 56131,
    "index": 30
  },
  {
    "name": "Load extend/response.js",
    "start": 1663553607965,
    "end": 1663553607967,
    "duration": 2,
    "pid": 56131,
    "index": 31
  },
  {
    "name": "Require(24) /Users/wangkai/wangkai/liujie/jinhaiwuliu-server/node_modules/egg/app/extend/response.js",
    "start": 1663553607966,
    "end": 1663553607967,
    "duration": 1,
    "pid": 56131,
    "index": 32
  },
  {
    "name": "Load extend/context.js",
    "start": 1663553607967,
    "end": 1663553607968,
    "duration": 1,
    "pid": 56131,
    "index": 33
  },
  {
    "name": "Require(25) /Users/wangkai/wangkai/liujie/jinhaiwuliu-server/node_modules/egg-security/app/extend/context.js",
    "start": 1663553607967,
    "end": 1663553607967,
    "duration": 0,
    "pid": 56131,
    "index": 34
  },
  {
    "name": "Require(26) /Users/wangkai/wangkai/liujie/jinhaiwuliu-server/node_modules/egg-jsonp/app/extend/context.js",
    "start": 1663553607967,
    "end": 1663553607967,
    "duration": 0,
    "pid": 56131,
    "index": 35
  },
  {
    "name": "Require(27) /Users/wangkai/wangkai/liujie/jinhaiwuliu-server/node_modules/egg-i18n/app/extend/context.js",
    "start": 1663553607967,
    "end": 1663553607967,
    "duration": 0,
    "pid": 56131,
    "index": 36
  },
  {
    "name": "Require(28) /Users/wangkai/wangkai/liujie/jinhaiwuliu-server/node_modules/egg-multipart/app/extend/context.js",
    "start": 1663553607967,
    "end": 1663553607967,
    "duration": 0,
    "pid": 56131,
    "index": 37
  },
  {
    "name": "Require(29) /Users/wangkai/wangkai/liujie/jinhaiwuliu-server/node_modules/egg/app/extend/context.js",
    "start": 1663553607967,
    "end": 1663553607967,
    "duration": 0,
    "pid": 56131,
    "index": 38
  },
  {
    "name": "Require(30) /Users/wangkai/wangkai/liujie/jinhaiwuliu-server/node_modules/@midwayjs/web/app/extend/context.js",
    "start": 1663553607967,
    "end": 1663553607967,
    "duration": 0,
    "pid": 56131,
    "index": 39
  },
  {
    "name": "Load extend/helper.js",
    "start": 1663553607968,
    "end": 1663553607978,
    "duration": 10,
    "pid": 56131,
    "index": 40
  },
  {
    "name": "Require(31) /Users/wangkai/wangkai/liujie/jinhaiwuliu-server/node_modules/egg-security/app/extend/helper.js",
    "start": 1663553607968,
    "end": 1663553607977,
    "duration": 9,
    "pid": 56131,
    "index": 41
  },
  {
    "name": "Require(32) /Users/wangkai/wangkai/liujie/jinhaiwuliu-server/node_modules/egg/app/extend/helper.js",
    "start": 1663553607977,
    "end": 1663553607978,
    "duration": 1,
    "pid": 56131,
    "index": 42
  },
  {
    "name": "Load app.js",
    "start": 1663553607978,
    "end": 1663553607993,
    "duration": 15,
    "pid": 56131,
    "index": 43
  },
  {
    "name": "Require(33) /Users/wangkai/wangkai/liujie/jinhaiwuliu-server/node_modules/egg-session/app.js",
    "start": 1663553607978,
    "end": 1663553607979,
    "duration": 1,
    "pid": 56131,
    "index": 44
  },
  {
    "name": "Require(34) /Users/wangkai/wangkai/liujie/jinhaiwuliu-server/node_modules/egg-security/app.js",
    "start": 1663553607979,
    "end": 1663553607979,
    "duration": 0,
    "pid": 56131,
    "index": 45
  },
  {
    "name": "Require(35) /Users/wangkai/wangkai/liujie/jinhaiwuliu-server/node_modules/egg-onerror/app.js",
    "start": 1663553607980,
    "end": 1663553607983,
    "duration": 3,
    "pid": 56131,
    "index": 46
  },
  {
    "name": "Require(36) /Users/wangkai/wangkai/liujie/jinhaiwuliu-server/node_modules/egg-i18n/app.js",
    "start": 1663553607983,
    "end": 1663553607990,
    "duration": 7,
    "pid": 56131,
    "index": 47
  },
  {
    "name": "Require(37) /Users/wangkai/wangkai/liujie/jinhaiwuliu-server/node_modules/egg-schedule/app.js",
    "start": 1663553607990,
    "end": 1663553607990,
    "duration": 0,
    "pid": 56131,
    "index": 48
  },
  {
    "name": "Require(38) /Users/wangkai/wangkai/liujie/jinhaiwuliu-server/node_modules/egg-multipart/app.js",
    "start": 1663553607990,
    "end": 1663553607991,
    "duration": 1,
    "pid": 56131,
    "index": 49
  },
  {
    "name": "Require(39) /Users/wangkai/wangkai/liujie/jinhaiwuliu-server/node_modules/egg-static/app.js",
    "start": 1663553607991,
    "end": 1663553607991,
    "duration": 0,
    "pid": 56131,
    "index": 50
  },
  {
    "name": "Require(40) /Users/wangkai/wangkai/liujie/jinhaiwuliu-server/node_modules/midway-schedule/app.js",
    "start": 1663553607991,
    "end": 1663553607991,
    "duration": 0,
    "pid": 56131,
    "index": 51
  },
  {
    "name": "Require(41) /Users/wangkai/wangkai/liujie/jinhaiwuliu-server/node_modules/egg-mock/app.js",
    "start": 1663553607992,
    "end": 1663553607992,
    "duration": 0,
    "pid": 56131,
    "index": 52
  },
  {
    "name": "Require(42) /Users/wangkai/wangkai/liujie/jinhaiwuliu-server/node_modules/@midwayjs/web/app.js",
    "start": 1663553607992,
    "end": 1663553607992,
    "duration": 0,
    "pid": 56131,
    "index": 53
  },
  {
    "name": "Did Load in /Users/wangkai/wangkai/liujie/jinhaiwuliu-server/node_modules/@midwayjs/web/app.js:didLoad",
    "start": 1663553607997,
    "end": 1663553608030,
    "duration": 33,
    "pid": 56131,
    "index": 54
  },
  {
    "name": "Load Service",
    "start": 1663553607998,
    "end": 1663553608000,
    "duration": 2,
    "pid": 56131,
    "index": 55
  },
  {
    "name": "Load \"service\" to Context",
    "start": 1663553607998,
    "end": 1663553608000,
    "duration": 2,
    "pid": 56131,
    "index": 56
  },
  {
    "name": "Load Middleware",
    "start": 1663553608000,
    "end": 1663553608029,
    "duration": 29,
    "pid": 56131,
    "index": 57
  },
  {
    "name": "Load \"middlewares\" to Application",
    "start": 1663553608000,
    "end": 1663553608029,
    "duration": 29,
    "pid": 56131,
    "index": 58
  },
  {
    "name": "Load Controller",
    "start": 1663553608029,
    "end": 1663553608029,
    "duration": 0,
    "pid": 56131,
    "index": 59
  },
  {
    "name": "Load \"controller\" to Application",
    "start": 1663553608029,
    "end": 1663553608029,
    "duration": 0,
    "pid": 56131,
    "index": 60
  },
  {
    "name": "Load Router",
    "start": 1663553608029,
    "end": 1663553608029,
    "duration": 0,
    "pid": 56131,
    "index": 61
  },
  {
    "name": "Will Ready in /Users/wangkai/wangkai/liujie/jinhaiwuliu-server/node_modules/@midwayjs/web/app.js:willReady",
    "start": 1663553608031,
    "end": 1663553608038,
    "duration": 7,
    "pid": 56131,
    "index": 62
  }
]