[
  {
    "name": "Process Start",
    "start": 1668149729113,
    "end": 1668149731481,
    "duration": 2368,
    "pid": 60800,
    "index": 0
  },
  {
    "name": "Application Start",
    "start": 1668149731481,
    "end": 1668149732108,
    "duration": 627,
    "pid": 60800,
    "index": 1
  },
  {
    "name": "Load Plugin",
    "start": 1668149731482,
    "end": 1668149731483,
    "duration": 1,
    "pid": 60800,
    "index": 2
  },
  {
    "name": "Load Config",
    "start": 1668149731483,
    "end": 1668149731485,
    "duration": 2,
    "pid": 60800,
    "index": 3
  },
  {
    "name": "Require(0) config/config.default.ts",
    "start": 1668149731483,
    "end": 1668149731483,
    "duration": 0,
    "pid": 60800,
    "index": 4
  },
  {
    "name": "Require(1) config/config.local.ts",
    "start": 1668149731483,
    "end": 1668149731483,
    "duration": 0,
    "pid": 60800,
    "index": 5
  },
  {
    "name": "Require(2) /Users/wangkai/wangkai/qf/b-hooks/react-project-server/node_modules/egg-session/config/config.default.js",
    "start": 1668149731483,
    "end": 1668149731483,
    "duration": 0,
    "pid": 60800,
    "index": 6
  },
  {
    "name": "Require(3) /Users/wangkai/wangkai/qf/b-hooks/react-project-server/node_modules/egg-security/config/config.default.js",
    "start": 1668149731483,
    "end": 1668149731483,
    "duration": 0,
    "pid": 60800,
    "index": 7
  },
  {
    "name": "Require(4) /Users/wangkai/wangkai/qf/b-hooks/react-project-server/node_modules/egg-jsonp/config/config.default.js",
    "start": 1668149731483,
    "end": 1668149731483,
    "duration": 0,
    "pid": 60800,
    "index": 8
  },
  {
    "name": "Require(5) /Users/wangkai/wangkai/qf/b-hooks/react-project-server/node_modules/egg-onerror/config/config.default.js",
    "start": 1668149731484,
    "end": 1668149731484,
    "duration": 0,
    "pid": 60800,
    "index": 9
  },
  {
    "name": "Require(6) /Users/wangkai/wangkai/qf/b-hooks/react-project-server/node_modules/egg-i18n/config/config.default.js",
    "start": 1668149731484,
    "end": 1668149731484,
    "duration": 0,
    "pid": 60800,
    "index": 10
  },
  {
    "name": "Require(7) /Users/wangkai/wangkai/qf/b-hooks/react-project-server/node_modules/egg-schedule/config/config.default.js",
    "start": 1668149731484,
    "end": 1668149731484,
    "duration": 0,
    "pid": 60800,
    "index": 11
  },
  {
    "name": "Require(8) /Users/wangkai/wangkai/qf/b-hooks/react-project-server/node_modules/egg-multipart/config/config.default.js",
    "start": 1668149731484,
    "end": 1668149731484,
    "duration": 0,
    "pid": 60800,
    "index": 12
  },
  {
    "name": "Require(9) /Users/wangkai/wangkai/qf/b-hooks/react-project-server/node_modules/egg-static/config/config.default.js",
    "start": 1668149731484,
    "end": 1668149731484,
    "duration": 0,
    "pid": 60800,
    "index": 13
  },
  {
    "name": "Require(10) /Users/wangkai/wangkai/qf/b-hooks/react-project-server/node_modules/egg/config/config.default.js",
    "start": 1668149731484,
    "end": 1668149731484,
    "duration": 0,
    "pid": 60800,
    "index": 14
  },
  {
    "name": "Require(11) /Users/wangkai/wangkai/qf/b-hooks/react-project-server/node_modules/@midwayjs/web/config/config.default.js",
    "start": 1668149731484,
    "end": 1668149731484,
    "duration": 0,
    "pid": 60800,
    "index": 15
  },
  {
    "name": "Require(12) config/config.default.ts",
    "start": 1668149731484,
    "end": 1668149731484,
    "duration": 0,
    "pid": 60800,
    "index": 16
  },
  {
    "name": "Require(13) /Users/wangkai/wangkai/qf/b-hooks/react-project-server/node_modules/egg-security/config/config.local.js",
    "start": 1668149731485,
    "end": 1668149731485,
    "duration": 0,
    "pid": 60800,
    "index": 17
  },
  {
    "name": "Require(14) /Users/wangkai/wangkai/qf/b-hooks/react-project-server/node_modules/egg/config/config.local.js",
    "start": 1668149731485,
    "end": 1668149731485,
    "duration": 0,
    "pid": 60800,
    "index": 18
  },
  {
    "name": "Require(15) config/config.local.ts",
    "start": 1668149731485,
    "end": 1668149731485,
    "duration": 0,
    "pid": 60800,
    "index": 19
  },
  {
    "name": "Before Start in node_modules/@midwayjs/web/dist/framework/web.js:45:22",
    "start": 1668149731486,
    "end": 1668149731585,
    "duration": 99,
    "pid": 60800,
    "index": 20
  },
  {
    "name": "Load extend/application.js",
    "start": 1668149731492,
    "end": 1668149731497,
    "duration": 5,
    "pid": 60800,
    "index": 21
  },
  {
    "name": "Require(16) /Users/wangkai/wangkai/qf/b-hooks/react-project-server/node_modules/egg-session/app/extend/application.js",
    "start": 1668149731492,
    "end": 1668149731493,
    "duration": 1,
    "pid": 60800,
    "index": 22
  },
  {
    "name": "Require(17) /Users/wangkai/wangkai/qf/b-hooks/react-project-server/node_modules/egg-security/app/extend/application.js",
    "start": 1668149731493,
    "end": 1668149731493,
    "duration": 0,
    "pid": 60800,
    "index": 23
  },
  {
    "name": "Require(18) /Users/wangkai/wangkai/qf/b-hooks/react-project-server/node_modules/egg-jsonp/app/extend/application.js",
    "start": 1668149731493,
    "end": 1668149731494,
    "duration": 1,
    "pid": 60800,
    "index": 24
  },
  {
    "name": "Require(19) /Users/wangkai/wangkai/qf/b-hooks/react-project-server/node_modules/egg-schedule/app/extend/application.js",
    "start": 1668149731494,
    "end": 1668149731494,
    "duration": 0,
    "pid": 60800,
    "index": 25
  },
  {
    "name": "Require(20) /Users/wangkai/wangkai/qf/b-hooks/react-project-server/node_modules/egg-mock/app/extend/application.js",
    "start": 1668149731494,
    "end": 1668149731496,
    "duration": 2,
    "pid": 60800,
    "index": 26
  },
  {
    "name": "Require(21) /Users/wangkai/wangkai/qf/b-hooks/react-project-server/node_modules/@midwayjs/mock/app/extend/application.js",
    "start": 1668149731496,
    "end": 1668149731496,
    "duration": 0,
    "pid": 60800,
    "index": 27
  },
  {
    "name": "Require(22) /Users/wangkai/wangkai/qf/b-hooks/react-project-server/node_modules/@midwayjs/web/app/extend/application.js",
    "start": 1668149731497,
    "end": 1668149731497,
    "duration": 0,
    "pid": 60800,
    "index": 28
  },
  {
    "name": "Load extend/request.js",
    "start": 1668149731497,
    "end": 1668149731499,
    "duration": 2,
    "pid": 60800,
    "index": 29
  },
  {
    "name": "Require(23) /Users/wangkai/wangkai/qf/b-hooks/react-project-server/node_modules/egg/app/extend/request.js",
    "start": 1668149731498,
    "end": 1668149731498,
    "duration": 0,
    "pid": 60800,
    "index": 30
  },
  {
    "name": "Load extend/response.js",
    "start": 1668149731499,
    "end": 1668149731501,
    "duration": 2,
    "pid": 60800,
    "index": 31
  },
  {
    "name": "Require(24) /Users/wangkai/wangkai/qf/b-hooks/react-project-server/node_modules/egg/app/extend/response.js",
    "start": 1668149731499,
    "end": 1668149731500,
    "duration": 1,
    "pid": 60800,
    "index": 32
  },
  {
    "name": "Load extend/context.js",
    "start": 1668149731501,
    "end": 1668149731502,
    "duration": 1,
    "pid": 60800,
    "index": 33
  },
  {
    "name": "Require(25) /Users/wangkai/wangkai/qf/b-hooks/react-project-server/node_modules/egg-security/app/extend/context.js",
    "start": 1668149731501,
    "end": 1668149731501,
    "duration": 0,
    "pid": 60800,
    "index": 34
  },
  {
    "name": "Require(26) /Users/wangkai/wangkai/qf/b-hooks/react-project-server/node_modules/egg-jsonp/app/extend/context.js",
    "start": 1668149731501,
    "end": 1668149731501,
    "duration": 0,
    "pid": 60800,
    "index": 35
  },
  {
    "name": "Require(27) /Users/wangkai/wangkai/qf/b-hooks/react-project-server/node_modules/egg-i18n/app/extend/context.js",
    "start": 1668149731501,
    "end": 1668149731501,
    "duration": 0,
    "pid": 60800,
    "index": 36
  },
  {
    "name": "Require(28) /Users/wangkai/wangkai/qf/b-hooks/react-project-server/node_modules/egg-multipart/app/extend/context.js",
    "start": 1668149731501,
    "end": 1668149731501,
    "duration": 0,
    "pid": 60800,
    "index": 37
  },
  {
    "name": "Require(29) /Users/wangkai/wangkai/qf/b-hooks/react-project-server/node_modules/egg/app/extend/context.js",
    "start": 1668149731501,
    "end": 1668149731501,
    "duration": 0,
    "pid": 60800,
    "index": 38
  },
  {
    "name": "Require(30) /Users/wangkai/wangkai/qf/b-hooks/react-project-server/node_modules/@midwayjs/web/app/extend/context.js",
    "start": 1668149731501,
    "end": 1668149731501,
    "duration": 0,
    "pid": 60800,
    "index": 39
  },
  {
    "name": "Load extend/helper.js",
    "start": 1668149731502,
    "end": 1668149731515,
    "duration": 13,
    "pid": 60800,
    "index": 40
  },
  {
    "name": "Require(31) /Users/wangkai/wangkai/qf/b-hooks/react-project-server/node_modules/egg-security/app/extend/helper.js",
    "start": 1668149731502,
    "end": 1668149731514,
    "duration": 12,
    "pid": 60800,
    "index": 41
  },
  {
    "name": "Require(32) /Users/wangkai/wangkai/qf/b-hooks/react-project-server/node_modules/egg/app/extend/helper.js",
    "start": 1668149731514,
    "end": 1668149731515,
    "duration": 1,
    "pid": 60800,
    "index": 42
  },
  {
    "name": "Load app.js",
    "start": 1668149731515,
    "end": 1668149731530,
    "duration": 15,
    "pid": 60800,
    "index": 43
  },
  {
    "name": "Require(33) /Users/wangkai/wangkai/qf/b-hooks/react-project-server/node_modules/egg-session/app.js",
    "start": 1668149731515,
    "end": 1668149731515,
    "duration": 0,
    "pid": 60800,
    "index": 44
  },
  {
    "name": "Require(34) /Users/wangkai/wangkai/qf/b-hooks/react-project-server/node_modules/egg-security/app.js",
    "start": 1668149731515,
    "end": 1668149731516,
    "duration": 1,
    "pid": 60800,
    "index": 45
  },
  {
    "name": "Require(35) /Users/wangkai/wangkai/qf/b-hooks/react-project-server/node_modules/egg-onerror/app.js",
    "start": 1668149731516,
    "end": 1668149731520,
    "duration": 4,
    "pid": 60800,
    "index": 46
  },
  {
    "name": "Require(36) /Users/wangkai/wangkai/qf/b-hooks/react-project-server/node_modules/egg-i18n/app.js",
    "start": 1668149731520,
    "end": 1668149731527,
    "duration": 7,
    "pid": 60800,
    "index": 47
  },
  {
    "name": "Require(37) /Users/wangkai/wangkai/qf/b-hooks/react-project-server/node_modules/egg-schedule/app.js",
    "start": 1668149731527,
    "end": 1668149731528,
    "duration": 1,
    "pid": 60800,
    "index": 48
  },
  {
    "name": "Require(38) /Users/wangkai/wangkai/qf/b-hooks/react-project-server/node_modules/egg-multipart/app.js",
    "start": 1668149731528,
    "end": 1668149731528,
    "duration": 0,
    "pid": 60800,
    "index": 49
  },
  {
    "name": "Require(39) /Users/wangkai/wangkai/qf/b-hooks/react-project-server/node_modules/egg-static/app.js",
    "start": 1668149731528,
    "end": 1668149731528,
    "duration": 0,
    "pid": 60800,
    "index": 50
  },
  {
    "name": "Require(40) /Users/wangkai/wangkai/qf/b-hooks/react-project-server/node_modules/midway-schedule/app.js",
    "start": 1668149731528,
    "end": 1668149731529,
    "duration": 1,
    "pid": 60800,
    "index": 51
  },
  {
    "name": "Require(41) /Users/wangkai/wangkai/qf/b-hooks/react-project-server/node_modules/egg-mock/app.js",
    "start": 1668149731529,
    "end": 1668149731529,
    "duration": 0,
    "pid": 60800,
    "index": 52
  },
  {
    "name": "Require(42) /Users/wangkai/wangkai/qf/b-hooks/react-project-server/node_modules/@midwayjs/web/app.js",
    "start": 1668149731529,
    "end": 1668149731530,
    "duration": 1,
    "pid": 60800,
    "index": 53
  },
  {
    "name": "Did Load in /Users/wangkai/wangkai/qf/b-hooks/react-project-server/node_modules/@midwayjs/web/app.js:didLoad",
    "start": 1668149731536,
    "end": 1668149731585,
    "duration": 49,
    "pid": 60800,
    "index": 54
  },
  {
    "name": "Load Service",
    "start": 1668149731536,
    "end": 1668149731539,
    "duration": 3,
    "pid": 60800,
    "index": 55
  },
  {
    "name": "Load \"service\" to Context",
    "start": 1668149731536,
    "end": 1668149731539,
    "duration": 3,
    "pid": 60800,
    "index": 56
  },
  {
    "name": "Load Middleware",
    "start": 1668149731539,
    "end": 1668149731584,
    "duration": 45,
    "pid": 60800,
    "index": 57
  },
  {
    "name": "Load \"middlewares\" to Application",
    "start": 1668149731539,
    "end": 1668149731584,
    "duration": 45,
    "pid": 60800,
    "index": 58
  },
  {
    "name": "Load Controller",
    "start": 1668149731585,
    "end": 1668149731585,
    "duration": 0,
    "pid": 60800,
    "index": 59
  },
  {
    "name": "Load \"controller\" to Application",
    "start": 1668149731585,
    "end": 1668149731585,
    "duration": 0,
    "pid": 60800,
    "index": 60
  },
  {
    "name": "Load Router",
    "start": 1668149731585,
    "end": 1668149731585,
    "duration": 0,
    "pid": 60800,
    "index": 61
  },
  {
    "name": "Will Ready in /Users/wangkai/wangkai/qf/b-hooks/react-project-server/node_modules/@midwayjs/web/app.js:willReady",
    "start": 1668149731586,
    "end": 1668149732108,
    "duration": 522,
    "pid": 60800,
    "index": 62
  }
]