[
  {
    "name": "Process Start",
    "start": 1665482059829,
    "end": 1665482061978,
    "duration": 2149,
    "pid": 56476,
    "index": 0
  },
  {
    "name": "Application Start",
    "start": 1665482061979,
    "end": 1665482062338,
    "duration": 359,
    "pid": 56476,
    "index": 1
  },
  {
    "name": "Load Plugin",
    "start": 1665482061979,
    "end": 1665482061980,
    "duration": 1,
    "pid": 56476,
    "index": 2
  },
  {
    "name": "Load Config",
    "start": 1665482061980,
    "end": 1665482061983,
    "duration": 3,
    "pid": 56476,
    "index": 3
  },
  {
    "name": "Require(0) config/config.default.ts",
    "start": 1665482061980,
    "end": 1665482061980,
    "duration": 0,
    "pid": 56476,
    "index": 4
  },
  {
    "name": "Require(1) config/config.local.ts",
    "start": 1665482061980,
    "end": 1665482061980,
    "duration": 0,
    "pid": 56476,
    "index": 5
  },
  {
    "name": "Require(2) /Users/wangkai/wangkai/liujie/jinhaiwuliu-server/node_modules/egg-session/config/config.default.js",
    "start": 1665482061981,
    "end": 1665482061981,
    "duration": 0,
    "pid": 56476,
    "index": 6
  },
  {
    "name": "Require(3) /Users/wangkai/wangkai/liujie/jinhaiwuliu-server/node_modules/egg-security/config/config.default.js",
    "start": 1665482061981,
    "end": 1665482061981,
    "duration": 0,
    "pid": 56476,
    "index": 7
  },
  {
    "name": "Require(4) /Users/wangkai/wangkai/liujie/jinhaiwuliu-server/node_modules/egg-jsonp/config/config.default.js",
    "start": 1665482061981,
    "end": 1665482061981,
    "duration": 0,
    "pid": 56476,
    "index": 8
  },
  {
    "name": "Require(5) /Users/wangkai/wangkai/liujie/jinhaiwuliu-server/node_modules/egg-onerror/config/config.default.js",
    "start": 1665482061981,
    "end": 1665482061981,
    "duration": 0,
    "pid": 56476,
    "index": 9
  },
  {
    "name": "Require(6) /Users/wangkai/wangkai/liujie/jinhaiwuliu-server/node_modules/egg-i18n/config/config.default.js",
    "start": 1665482061981,
    "end": 1665482061981,
    "duration": 0,
    "pid": 56476,
    "index": 10
  },
  {
    "name": "Require(7) /Users/wangkai/wangkai/liujie/jinhaiwuliu-server/node_modules/egg-schedule/config/config.default.js",
    "start": 1665482061981,
    "end": 1665482061981,
    "duration": 0,
    "pid": 56476,
    "index": 11
  },
  {
    "name": "Require(8) /Users/wangkai/wangkai/liujie/jinhaiwuliu-server/node_modules/egg-multipart/config/config.default.js",
    "start": 1665482061981,
    "end": 1665482061981,
    "duration": 0,
    "pid": 56476,
    "index": 12
  },
  {
    "name": "Require(9) /Users/wangkai/wangkai/liujie/jinhaiwuliu-server/node_modules/egg-static/config/config.default.js",
    "start": 1665482061981,
    "end": 1665482061981,
    "duration": 0,
    "pid": 56476,
    "index": 13
  },
  {
    "name": "Require(10) /Users/wangkai/wangkai/liujie/jinhaiwuliu-server/node_modules/egg/config/config.default.js",
    "start": 1665482061981,
    "end": 1665482061981,
    "duration": 0,
    "pid": 56476,
    "index": 14
  },
  {
    "name": "Require(11) /Users/wangkai/wangkai/liujie/jinhaiwuliu-server/node_modules/@midwayjs/web/config/config.default.js",
    "start": 1665482061982,
    "end": 1665482061982,
    "duration": 0,
    "pid": 56476,
    "index": 15
  },
  {
    "name": "Require(12) config/config.default.ts",
    "start": 1665482061982,
    "end": 1665482061982,
    "duration": 0,
    "pid": 56476,
    "index": 16
  },
  {
    "name": "Require(13) /Users/wangkai/wangkai/liujie/jinhaiwuliu-server/node_modules/egg-security/config/config.local.js",
    "start": 1665482061982,
    "end": 1665482061982,
    "duration": 0,
    "pid": 56476,
    "index": 17
  },
  {
    "name": "Require(14) /Users/wangkai/wangkai/liujie/jinhaiwuliu-server/node_modules/egg/config/config.local.js",
    "start": 1665482061982,
    "end": 1665482061982,
    "duration": 0,
    "pid": 56476,
    "index": 18
  },
  {
    "name": "Require(15) config/config.local.ts",
    "start": 1665482061982,
    "end": 1665482061982,
    "duration": 0,
    "pid": 56476,
    "index": 19
  },
  {
    "name": "Before Start in node_modules/@midwayjs/web/dist/framework/web.js:45:22",
    "start": 1665482061983,
    "end": 1665482062084,
    "duration": 101,
    "pid": 56476,
    "index": 20
  },
  {
    "name": "Load extend/application.js",
    "start": 1665482061990,
    "end": 1665482061997,
    "duration": 7,
    "pid": 56476,
    "index": 21
  },
  {
    "name": "Require(16) /Users/wangkai/wangkai/liujie/jinhaiwuliu-server/node_modules/egg-session/app/extend/application.js",
    "start": 1665482061990,
    "end": 1665482061990,
    "duration": 0,
    "pid": 56476,
    "index": 22
  },
  {
    "name": "Require(17) /Users/wangkai/wangkai/liujie/jinhaiwuliu-server/node_modules/egg-security/app/extend/application.js",
    "start": 1665482061990,
    "end": 1665482061991,
    "duration": 1,
    "pid": 56476,
    "index": 23
  },
  {
    "name": "Require(18) /Users/wangkai/wangkai/liujie/jinhaiwuliu-server/node_modules/egg-jsonp/app/extend/application.js",
    "start": 1665482061991,
    "end": 1665482061991,
    "duration": 0,
    "pid": 56476,
    "index": 24
  },
  {
    "name": "Require(19) /Users/wangkai/wangkai/liujie/jinhaiwuliu-server/node_modules/egg-schedule/app/extend/application.js",
    "start": 1665482061991,
    "end": 1665482061992,
    "duration": 1,
    "pid": 56476,
    "index": 25
  },
  {
    "name": "Require(20) /Users/wangkai/wangkai/liujie/jinhaiwuliu-server/node_modules/egg-mock/app/extend/application.js",
    "start": 1665482061992,
    "end": 1665482061995,
    "duration": 3,
    "pid": 56476,
    "index": 26
  },
  {
    "name": "Require(21) /Users/wangkai/wangkai/liujie/jinhaiwuliu-server/node_modules/@midwayjs/mock/app/extend/application.js",
    "start": 1665482061995,
    "end": 1665482061996,
    "duration": 1,
    "pid": 56476,
    "index": 27
  },
  {
    "name": "Require(22) /Users/wangkai/wangkai/liujie/jinhaiwuliu-server/node_modules/@midwayjs/web/app/extend/application.js",
    "start": 1665482061996,
    "end": 1665482061996,
    "duration": 0,
    "pid": 56476,
    "index": 28
  },
  {
    "name": "Load extend/request.js",
    "start": 1665482061997,
    "end": 1665482061998,
    "duration": 1,
    "pid": 56476,
    "index": 29
  },
  {
    "name": "Require(23) /Users/wangkai/wangkai/liujie/jinhaiwuliu-server/node_modules/egg/app/extend/request.js",
    "start": 1665482061997,
    "end": 1665482061998,
    "duration": 1,
    "pid": 56476,
    "index": 30
  },
  {
    "name": "Load extend/response.js",
    "start": 1665482061998,
    "end": 1665482062000,
    "duration": 2,
    "pid": 56476,
    "index": 31
  },
  {
    "name": "Require(24) /Users/wangkai/wangkai/liujie/jinhaiwuliu-server/node_modules/egg/app/extend/response.js",
    "start": 1665482061999,
    "end": 1665482062000,
    "duration": 1,
    "pid": 56476,
    "index": 32
  },
  {
    "name": "Load extend/context.js",
    "start": 1665482062000,
    "end": 1665482062001,
    "duration": 1,
    "pid": 56476,
    "index": 33
  },
  {
    "name": "Require(25) /Users/wangkai/wangkai/liujie/jinhaiwuliu-server/node_modules/egg-security/app/extend/context.js",
    "start": 1665482062000,
    "end": 1665482062000,
    "duration": 0,
    "pid": 56476,
    "index": 34
  },
  {
    "name": "Require(26) /Users/wangkai/wangkai/liujie/jinhaiwuliu-server/node_modules/egg-jsonp/app/extend/context.js",
    "start": 1665482062000,
    "end": 1665482062000,
    "duration": 0,
    "pid": 56476,
    "index": 35
  },
  {
    "name": "Require(27) /Users/wangkai/wangkai/liujie/jinhaiwuliu-server/node_modules/egg-i18n/app/extend/context.js",
    "start": 1665482062000,
    "end": 1665482062000,
    "duration": 0,
    "pid": 56476,
    "index": 36
  },
  {
    "name": "Require(28) /Users/wangkai/wangkai/liujie/jinhaiwuliu-server/node_modules/egg-multipart/app/extend/context.js",
    "start": 1665482062001,
    "end": 1665482062001,
    "duration": 0,
    "pid": 56476,
    "index": 37
  },
  {
    "name": "Require(29) /Users/wangkai/wangkai/liujie/jinhaiwuliu-server/node_modules/egg/app/extend/context.js",
    "start": 1665482062001,
    "end": 1665482062001,
    "duration": 0,
    "pid": 56476,
    "index": 38
  },
  {
    "name": "Require(30) /Users/wangkai/wangkai/liujie/jinhaiwuliu-server/node_modules/@midwayjs/web/app/extend/context.js",
    "start": 1665482062001,
    "end": 1665482062001,
    "duration": 0,
    "pid": 56476,
    "index": 39
  },
  {
    "name": "Load extend/helper.js",
    "start": 1665482062001,
    "end": 1665482062017,
    "duration": 16,
    "pid": 56476,
    "index": 40
  },
  {
    "name": "Require(31) /Users/wangkai/wangkai/liujie/jinhaiwuliu-server/node_modules/egg-security/app/extend/helper.js",
    "start": 1665482062001,
    "end": 1665482062015,
    "duration": 14,
    "pid": 56476,
    "index": 41
  },
  {
    "name": "Require(32) /Users/wangkai/wangkai/liujie/jinhaiwuliu-server/node_modules/egg/app/extend/helper.js",
    "start": 1665482062015,
    "end": 1665482062017,
    "duration": 2,
    "pid": 56476,
    "index": 42
  },
  {
    "name": "Load app.js",
    "start": 1665482062017,
    "end": 1665482062041,
    "duration": 24,
    "pid": 56476,
    "index": 43
  },
  {
    "name": "Require(33) /Users/wangkai/wangkai/liujie/jinhaiwuliu-server/node_modules/egg-session/app.js",
    "start": 1665482062017,
    "end": 1665482062019,
    "duration": 2,
    "pid": 56476,
    "index": 44
  },
  {
    "name": "Require(34) /Users/wangkai/wangkai/liujie/jinhaiwuliu-server/node_modules/egg-security/app.js",
    "start": 1665482062019,
    "end": 1665482062022,
    "duration": 3,
    "pid": 56476,
    "index": 45
  },
  {
    "name": "Require(35) /Users/wangkai/wangkai/liujie/jinhaiwuliu-server/node_modules/egg-onerror/app.js",
    "start": 1665482062023,
    "end": 1665482062029,
    "duration": 6,
    "pid": 56476,
    "index": 46
  },
  {
    "name": "Require(36) /Users/wangkai/wangkai/liujie/jinhaiwuliu-server/node_modules/egg-i18n/app.js",
    "start": 1665482062029,
    "end": 1665482062038,
    "duration": 9,
    "pid": 56476,
    "index": 47
  },
  {
    "name": "Require(37) /Users/wangkai/wangkai/liujie/jinhaiwuliu-server/node_modules/egg-schedule/app.js",
    "start": 1665482062038,
    "end": 1665482062038,
    "duration": 0,
    "pid": 56476,
    "index": 48
  },
  {
    "name": "Require(38) /Users/wangkai/wangkai/liujie/jinhaiwuliu-server/node_modules/egg-multipart/app.js",
    "start": 1665482062038,
    "end": 1665482062039,
    "duration": 1,
    "pid": 56476,
    "index": 49
  },
  {
    "name": "Require(39) /Users/wangkai/wangkai/liujie/jinhaiwuliu-server/node_modules/egg-static/app.js",
    "start": 1665482062039,
    "end": 1665482062039,
    "duration": 0,
    "pid": 56476,
    "index": 50
  },
  {
    "name": "Require(40) /Users/wangkai/wangkai/liujie/jinhaiwuliu-server/node_modules/midway-schedule/app.js",
    "start": 1665482062040,
    "end": 1665482062040,
    "duration": 0,
    "pid": 56476,
    "index": 51
  },
  {
    "name": "Require(41) /Users/wangkai/wangkai/liujie/jinhaiwuliu-server/node_modules/egg-mock/app.js",
    "start": 1665482062040,
    "end": 1665482062041,
    "duration": 1,
    "pid": 56476,
    "index": 52
  },
  {
    "name": "Require(42) /Users/wangkai/wangkai/liujie/jinhaiwuliu-server/node_modules/@midwayjs/web/app.js",
    "start": 1665482062041,
    "end": 1665482062041,
    "duration": 0,
    "pid": 56476,
    "index": 53
  },
  {
    "name": "Did Load in /Users/wangkai/wangkai/liujie/jinhaiwuliu-server/node_modules/@midwayjs/web/app.js:didLoad",
    "start": 1665482062049,
    "end": 1665482062084,
    "duration": 35,
    "pid": 56476,
    "index": 54
  },
  {
    "name": "Load Service",
    "start": 1665482062050,
    "end": 1665482062052,
    "duration": 2,
    "pid": 56476,
    "index": 55
  },
  {
    "name": "Load \"service\" to Context",
    "start": 1665482062050,
    "end": 1665482062052,
    "duration": 2,
    "pid": 56476,
    "index": 56
  },
  {
    "name": "Load Middleware",
    "start": 1665482062052,
    "end": 1665482062084,
    "duration": 32,
    "pid": 56476,
    "index": 57
  },
  {
    "name": "Load \"middlewares\" to Application",
    "start": 1665482062052,
    "end": 1665482062083,
    "duration": 31,
    "pid": 56476,
    "index": 58
  },
  {
    "name": "Load Controller",
    "start": 1665482062084,
    "end": 1665482062084,
    "duration": 0,
    "pid": 56476,
    "index": 59
  },
  {
    "name": "Load \"controller\" to Application",
    "start": 1665482062084,
    "end": 1665482062084,
    "duration": 0,
    "pid": 56476,
    "index": 60
  },
  {
    "name": "Load Router",
    "start": 1665482062084,
    "end": 1665482062084,
    "duration": 0,
    "pid": 56476,
    "index": 61
  },
  {
    "name": "Will Ready in /Users/wangkai/wangkai/liujie/jinhaiwuliu-server/node_modules/@midwayjs/web/app.js:willReady",
    "start": 1665482062085,
    "end": 1665482062337,
    "duration": 252,
    "pid": 56476,
    "index": 62
  }
]