[
  {
    "name": "Process Start",
    "start": 1663555488365,
    "end": 1663555489914,
    "duration": 1549,
    "pid": 58725,
    "index": 0
  },
  {
    "name": "Application Start",
    "start": 1663555489914,
    "end": 1663555490187,
    "duration": 273,
    "pid": 58725,
    "index": 1
  },
  {
    "name": "Load Plugin",
    "start": 1663555489915,
    "end": 1663555489916,
    "duration": 1,
    "pid": 58725,
    "index": 2
  },
  {
    "name": "Load Config",
    "start": 1663555489916,
    "end": 1663555489919,
    "duration": 3,
    "pid": 58725,
    "index": 3
  },
  {
    "name": "Require(0) config/config.default.ts",
    "start": 1663555489916,
    "end": 1663555489916,
    "duration": 0,
    "pid": 58725,
    "index": 4
  },
  {
    "name": "Require(1) config/config.local.ts",
    "start": 1663555489916,
    "end": 1663555489916,
    "duration": 0,
    "pid": 58725,
    "index": 5
  },
  {
    "name": "Require(2) /Users/wangkai/wangkai/liujie/jinhaiwuliu-server/node_modules/egg-session/config/config.default.js",
    "start": 1663555489917,
    "end": 1663555489917,
    "duration": 0,
    "pid": 58725,
    "index": 6
  },
  {
    "name": "Require(3) /Users/wangkai/wangkai/liujie/jinhaiwuliu-server/node_modules/egg-security/config/config.default.js",
    "start": 1663555489917,
    "end": 1663555489917,
    "duration": 0,
    "pid": 58725,
    "index": 7
  },
  {
    "name": "Require(4) /Users/wangkai/wangkai/liujie/jinhaiwuliu-server/node_modules/egg-jsonp/config/config.default.js",
    "start": 1663555489917,
    "end": 1663555489917,
    "duration": 0,
    "pid": 58725,
    "index": 8
  },
  {
    "name": "Require(5) /Users/wangkai/wangkai/liujie/jinhaiwuliu-server/node_modules/egg-onerror/config/config.default.js",
    "start": 1663555489917,
    "end": 1663555489917,
    "duration": 0,
    "pid": 58725,
    "index": 9
  },
  {
    "name": "Require(6) /Users/wangkai/wangkai/liujie/jinhaiwuliu-server/node_modules/egg-i18n/config/config.default.js",
    "start": 1663555489917,
    "end": 1663555489917,
    "duration": 0,
    "pid": 58725,
    "index": 10
  },
  {
    "name": "Require(7) /Users/wangkai/wangkai/liujie/jinhaiwuliu-server/node_modules/egg-schedule/config/config.default.js",
    "start": 1663555489917,
    "end": 1663555489917,
    "duration": 0,
    "pid": 58725,
    "index": 11
  },
  {
    "name": "Require(8) /Users/wangkai/wangkai/liujie/jinhaiwuliu-server/node_modules/egg-multipart/config/config.default.js",
    "start": 1663555489917,
    "end": 1663555489917,
    "duration": 0,
    "pid": 58725,
    "index": 12
  },
  {
    "name": "Require(9) /Users/wangkai/wangkai/liujie/jinhaiwuliu-server/node_modules/egg-static/config/config.default.js",
    "start": 1663555489917,
    "end": 1663555489917,
    "duration": 0,
    "pid": 58725,
    "index": 13
  },
  {
    "name": "Require(10) /Users/wangkai/wangkai/liujie/jinhaiwuliu-server/node_modules/egg/config/config.default.js",
    "start": 1663555489917,
    "end": 1663555489917,
    "duration": 0,
    "pid": 58725,
    "index": 14
  },
  {
    "name": "Require(11) /Users/wangkai/wangkai/liujie/jinhaiwuliu-server/node_modules/@midwayjs/web/config/config.default.js",
    "start": 1663555489918,
    "end": 1663555489918,
    "duration": 0,
    "pid": 58725,
    "index": 15
  },
  {
    "name": "Require(12) config/config.default.ts",
    "start": 1663555489918,
    "end": 1663555489918,
    "duration": 0,
    "pid": 58725,
    "index": 16
  },
  {
    "name": "Require(13) /Users/wangkai/wangkai/liujie/jinhaiwuliu-server/node_modules/egg-security/config/config.local.js",
    "start": 1663555489918,
    "end": 1663555489918,
    "duration": 0,
    "pid": 58725,
    "index": 17
  },
  {
    "name": "Require(14) /Users/wangkai/wangkai/liujie/jinhaiwuliu-server/node_modules/egg/config/config.local.js",
    "start": 1663555489918,
    "end": 1663555489918,
    "duration": 0,
    "pid": 58725,
    "index": 18
  },
  {
    "name": "Require(15) config/config.local.ts",
    "start": 1663555489919,
    "end": 1663555489919,
    "duration": 0,
    "pid": 58725,
    "index": 19
  },
  {
    "name": "Before Start in node_modules/@midwayjs/web/dist/framework/web.js:45:22",
    "start": 1663555489919,
    "end": 1663555489991,
    "duration": 72,
    "pid": 58725,
    "index": 20
  },
  {
    "name": "Load extend/application.js",
    "start": 1663555489925,
    "end": 1663555489929,
    "duration": 4,
    "pid": 58725,
    "index": 21
  },
  {
    "name": "Require(16) /Users/wangkai/wangkai/liujie/jinhaiwuliu-server/node_modules/egg-session/app/extend/application.js",
    "start": 1663555489925,
    "end": 1663555489925,
    "duration": 0,
    "pid": 58725,
    "index": 22
  },
  {
    "name": "Require(17) /Users/wangkai/wangkai/liujie/jinhaiwuliu-server/node_modules/egg-security/app/extend/application.js",
    "start": 1663555489925,
    "end": 1663555489925,
    "duration": 0,
    "pid": 58725,
    "index": 23
  },
  {
    "name": "Require(18) /Users/wangkai/wangkai/liujie/jinhaiwuliu-server/node_modules/egg-jsonp/app/extend/application.js",
    "start": 1663555489925,
    "end": 1663555489926,
    "duration": 1,
    "pid": 58725,
    "index": 24
  },
  {
    "name": "Require(19) /Users/wangkai/wangkai/liujie/jinhaiwuliu-server/node_modules/egg-schedule/app/extend/application.js",
    "start": 1663555489926,
    "end": 1663555489926,
    "duration": 0,
    "pid": 58725,
    "index": 25
  },
  {
    "name": "Require(20) /Users/wangkai/wangkai/liujie/jinhaiwuliu-server/node_modules/egg-mock/app/extend/application.js",
    "start": 1663555489927,
    "end": 1663555489928,
    "duration": 1,
    "pid": 58725,
    "index": 26
  },
  {
    "name": "Require(21) /Users/wangkai/wangkai/liujie/jinhaiwuliu-server/node_modules/@midwayjs/mock/app/extend/application.js",
    "start": 1663555489928,
    "end": 1663555489929,
    "duration": 1,
    "pid": 58725,
    "index": 27
  },
  {
    "name": "Require(22) /Users/wangkai/wangkai/liujie/jinhaiwuliu-server/node_modules/@midwayjs/web/app/extend/application.js",
    "start": 1663555489929,
    "end": 1663555489929,
    "duration": 0,
    "pid": 58725,
    "index": 28
  },
  {
    "name": "Load extend/request.js",
    "start": 1663555489930,
    "end": 1663555489931,
    "duration": 1,
    "pid": 58725,
    "index": 29
  },
  {
    "name": "Require(23) /Users/wangkai/wangkai/liujie/jinhaiwuliu-server/node_modules/egg/app/extend/request.js",
    "start": 1663555489930,
    "end": 1663555489930,
    "duration": 0,
    "pid": 58725,
    "index": 30
  },
  {
    "name": "Load extend/response.js",
    "start": 1663555489931,
    "end": 1663555489932,
    "duration": 1,
    "pid": 58725,
    "index": 31
  },
  {
    "name": "Require(24) /Users/wangkai/wangkai/liujie/jinhaiwuliu-server/node_modules/egg/app/extend/response.js",
    "start": 1663555489931,
    "end": 1663555489932,
    "duration": 1,
    "pid": 58725,
    "index": 32
  },
  {
    "name": "Load extend/context.js",
    "start": 1663555489932,
    "end": 1663555489933,
    "duration": 1,
    "pid": 58725,
    "index": 33
  },
  {
    "name": "Require(25) /Users/wangkai/wangkai/liujie/jinhaiwuliu-server/node_modules/egg-security/app/extend/context.js",
    "start": 1663555489933,
    "end": 1663555489933,
    "duration": 0,
    "pid": 58725,
    "index": 34
  },
  {
    "name": "Require(26) /Users/wangkai/wangkai/liujie/jinhaiwuliu-server/node_modules/egg-jsonp/app/extend/context.js",
    "start": 1663555489933,
    "end": 1663555489933,
    "duration": 0,
    "pid": 58725,
    "index": 35
  },
  {
    "name": "Require(27) /Users/wangkai/wangkai/liujie/jinhaiwuliu-server/node_modules/egg-i18n/app/extend/context.js",
    "start": 1663555489933,
    "end": 1663555489933,
    "duration": 0,
    "pid": 58725,
    "index": 36
  },
  {
    "name": "Require(28) /Users/wangkai/wangkai/liujie/jinhaiwuliu-server/node_modules/egg-multipart/app/extend/context.js",
    "start": 1663555489933,
    "end": 1663555489933,
    "duration": 0,
    "pid": 58725,
    "index": 37
  },
  {
    "name": "Require(29) /Users/wangkai/wangkai/liujie/jinhaiwuliu-server/node_modules/egg/app/extend/context.js",
    "start": 1663555489933,
    "end": 1663555489933,
    "duration": 0,
    "pid": 58725,
    "index": 38
  },
  {
    "name": "Require(30) /Users/wangkai/wangkai/liujie/jinhaiwuliu-server/node_modules/@midwayjs/web/app/extend/context.js",
    "start": 1663555489933,
    "end": 1663555489933,
    "duration": 0,
    "pid": 58725,
    "index": 39
  },
  {
    "name": "Load extend/helper.js",
    "start": 1663555489933,
    "end": 1663555489943,
    "duration": 10,
    "pid": 58725,
    "index": 40
  },
  {
    "name": "Require(31) /Users/wangkai/wangkai/liujie/jinhaiwuliu-server/node_modules/egg-security/app/extend/helper.js",
    "start": 1663555489933,
    "end": 1663555489941,
    "duration": 8,
    "pid": 58725,
    "index": 41
  },
  {
    "name": "Require(32) /Users/wangkai/wangkai/liujie/jinhaiwuliu-server/node_modules/egg/app/extend/helper.js",
    "start": 1663555489942,
    "end": 1663555489942,
    "duration": 0,
    "pid": 58725,
    "index": 42
  },
  {
    "name": "Load app.js",
    "start": 1663555489943,
    "end": 1663555489957,
    "duration": 14,
    "pid": 58725,
    "index": 43
  },
  {
    "name": "Require(33) /Users/wangkai/wangkai/liujie/jinhaiwuliu-server/node_modules/egg-session/app.js",
    "start": 1663555489943,
    "end": 1663555489943,
    "duration": 0,
    "pid": 58725,
    "index": 44
  },
  {
    "name": "Require(34) /Users/wangkai/wangkai/liujie/jinhaiwuliu-server/node_modules/egg-security/app.js",
    "start": 1663555489943,
    "end": 1663555489944,
    "duration": 1,
    "pid": 58725,
    "index": 45
  },
  {
    "name": "Require(35) /Users/wangkai/wangkai/liujie/jinhaiwuliu-server/node_modules/egg-onerror/app.js",
    "start": 1663555489944,
    "end": 1663555489948,
    "duration": 4,
    "pid": 58725,
    "index": 46
  },
  {
    "name": "Require(36) /Users/wangkai/wangkai/liujie/jinhaiwuliu-server/node_modules/egg-i18n/app.js",
    "start": 1663555489948,
    "end": 1663555489954,
    "duration": 6,
    "pid": 58725,
    "index": 47
  },
  {
    "name": "Require(37) /Users/wangkai/wangkai/liujie/jinhaiwuliu-server/node_modules/egg-schedule/app.js",
    "start": 1663555489954,
    "end": 1663555489955,
    "duration": 1,
    "pid": 58725,
    "index": 48
  },
  {
    "name": "Require(38) /Users/wangkai/wangkai/liujie/jinhaiwuliu-server/node_modules/egg-multipart/app.js",
    "start": 1663555489955,
    "end": 1663555489955,
    "duration": 0,
    "pid": 58725,
    "index": 49
  },
  {
    "name": "Require(39) /Users/wangkai/wangkai/liujie/jinhaiwuliu-server/node_modules/egg-static/app.js",
    "start": 1663555489956,
    "end": 1663555489956,
    "duration": 0,
    "pid": 58725,
    "index": 50
  },
  {
    "name": "Require(40) /Users/wangkai/wangkai/liujie/jinhaiwuliu-server/node_modules/midway-schedule/app.js",
    "start": 1663555489956,
    "end": 1663555489956,
    "duration": 0,
    "pid": 58725,
    "index": 51
  },
  {
    "name": "Require(41) /Users/wangkai/wangkai/liujie/jinhaiwuliu-server/node_modules/egg-mock/app.js",
    "start": 1663555489956,
    "end": 1663555489956,
    "duration": 0,
    "pid": 58725,
    "index": 52
  },
  {
    "name": "Require(42) /Users/wangkai/wangkai/liujie/jinhaiwuliu-server/node_modules/@midwayjs/web/app.js",
    "start": 1663555489957,
    "end": 1663555489957,
    "duration": 0,
    "pid": 58725,
    "index": 53
  },
  {
    "name": "Did Load in /Users/wangkai/wangkai/liujie/jinhaiwuliu-server/node_modules/@midwayjs/web/app.js:didLoad",
    "start": 1663555489962,
    "end": 1663555489991,
    "duration": 29,
    "pid": 58725,
    "index": 54
  },
  {
    "name": "Load Service",
    "start": 1663555489962,
    "end": 1663555489965,
    "duration": 3,
    "pid": 58725,
    "index": 55
  },
  {
    "name": "Load \"service\" to Context",
    "start": 1663555489962,
    "end": 1663555489965,
    "duration": 3,
    "pid": 58725,
    "index": 56
  },
  {
    "name": "Load Middleware",
    "start": 1663555489965,
    "end": 1663555489989,
    "duration": 24,
    "pid": 58725,
    "index": 57
  },
  {
    "name": "Load \"middlewares\" to Application",
    "start": 1663555489965,
    "end": 1663555489989,
    "duration": 24,
    "pid": 58725,
    "index": 58
  },
  {
    "name": "Load Controller",
    "start": 1663555489989,
    "end": 1663555489989,
    "duration": 0,
    "pid": 58725,
    "index": 59
  },
  {
    "name": "Load \"controller\" to Application",
    "start": 1663555489989,
    "end": 1663555489989,
    "duration": 0,
    "pid": 58725,
    "index": 60
  },
  {
    "name": "Load Router",
    "start": 1663555489989,
    "end": 1663555489989,
    "duration": 0,
    "pid": 58725,
    "index": 61
  },
  {
    "name": "Will Ready in /Users/wangkai/wangkai/liujie/jinhaiwuliu-server/node_modules/@midwayjs/web/app.js:willReady",
    "start": 1663555489991,
    "end": 1663555490187,
    "duration": 196,
    "pid": 58725,
    "index": 62
  }
]