[
  {
    "name": "Process Start",
    "start": 1665142455148,
    "end": 1665142457015,
    "duration": 1867,
    "pid": 64509,
    "index": 0
  },
  {
    "name": "Application Start",
    "start": 1665142457015,
    "end": 1665142457312,
    "duration": 297,
    "pid": 64509,
    "index": 1
  },
  {
    "name": "Load Plugin",
    "start": 1665142457016,
    "end": 1665142457018,
    "duration": 2,
    "pid": 64509,
    "index": 2
  },
  {
    "name": "Load Config",
    "start": 1665142457018,
    "end": 1665142457022,
    "duration": 4,
    "pid": 64509,
    "index": 3
  },
  {
    "name": "Require(0) config/config.default.ts",
    "start": 1665142457018,
    "end": 1665142457018,
    "duration": 0,
    "pid": 64509,
    "index": 4
  },
  {
    "name": "Require(1) config/config.local.ts",
    "start": 1665142457018,
    "end": 1665142457018,
    "duration": 0,
    "pid": 64509,
    "index": 5
  },
  {
    "name": "Require(2) /Users/wangkai/wangkai/liujie/jinhaiwuliu-server/node_modules/egg-session/config/config.default.js",
    "start": 1665142457018,
    "end": 1665142457018,
    "duration": 0,
    "pid": 64509,
    "index": 6
  },
  {
    "name": "Require(3) /Users/wangkai/wangkai/liujie/jinhaiwuliu-server/node_modules/egg-security/config/config.default.js",
    "start": 1665142457018,
    "end": 1665142457018,
    "duration": 0,
    "pid": 64509,
    "index": 7
  },
  {
    "name": "Require(4) /Users/wangkai/wangkai/liujie/jinhaiwuliu-server/node_modules/egg-jsonp/config/config.default.js",
    "start": 1665142457019,
    "end": 1665142457019,
    "duration": 0,
    "pid": 64509,
    "index": 8
  },
  {
    "name": "Require(5) /Users/wangkai/wangkai/liujie/jinhaiwuliu-server/node_modules/egg-onerror/config/config.default.js",
    "start": 1665142457019,
    "end": 1665142457019,
    "duration": 0,
    "pid": 64509,
    "index": 9
  },
  {
    "name": "Require(6) /Users/wangkai/wangkai/liujie/jinhaiwuliu-server/node_modules/egg-i18n/config/config.default.js",
    "start": 1665142457019,
    "end": 1665142457019,
    "duration": 0,
    "pid": 64509,
    "index": 10
  },
  {
    "name": "Require(7) /Users/wangkai/wangkai/liujie/jinhaiwuliu-server/node_modules/egg-schedule/config/config.default.js",
    "start": 1665142457019,
    "end": 1665142457019,
    "duration": 0,
    "pid": 64509,
    "index": 11
  },
  {
    "name": "Require(8) /Users/wangkai/wangkai/liujie/jinhaiwuliu-server/node_modules/egg-multipart/config/config.default.js",
    "start": 1665142457019,
    "end": 1665142457019,
    "duration": 0,
    "pid": 64509,
    "index": 12
  },
  {
    "name": "Require(9) /Users/wangkai/wangkai/liujie/jinhaiwuliu-server/node_modules/egg-static/config/config.default.js",
    "start": 1665142457019,
    "end": 1665142457019,
    "duration": 0,
    "pid": 64509,
    "index": 13
  },
  {
    "name": "Require(10) /Users/wangkai/wangkai/liujie/jinhaiwuliu-server/node_modules/egg/config/config.default.js",
    "start": 1665142457019,
    "end": 1665142457019,
    "duration": 0,
    "pid": 64509,
    "index": 14
  },
  {
    "name": "Require(11) /Users/wangkai/wangkai/liujie/jinhaiwuliu-server/node_modules/@midwayjs/web/config/config.default.js",
    "start": 1665142457020,
    "end": 1665142457020,
    "duration": 0,
    "pid": 64509,
    "index": 15
  },
  {
    "name": "Require(12) config/config.default.ts",
    "start": 1665142457020,
    "end": 1665142457020,
    "duration": 0,
    "pid": 64509,
    "index": 16
  },
  {
    "name": "Require(13) /Users/wangkai/wangkai/liujie/jinhaiwuliu-server/node_modules/egg-security/config/config.local.js",
    "start": 1665142457021,
    "end": 1665142457021,
    "duration": 0,
    "pid": 64509,
    "index": 17
  },
  {
    "name": "Require(14) /Users/wangkai/wangkai/liujie/jinhaiwuliu-server/node_modules/egg/config/config.local.js",
    "start": 1665142457021,
    "end": 1665142457021,
    "duration": 0,
    "pid": 64509,
    "index": 18
  },
  {
    "name": "Require(15) config/config.local.ts",
    "start": 1665142457021,
    "end": 1665142457021,
    "duration": 0,
    "pid": 64509,
    "index": 19
  },
  {
    "name": "Before Start in node_modules/@midwayjs/web/dist/framework/web.js:45:22",
    "start": 1665142457022,
    "end": 1665142457124,
    "duration": 102,
    "pid": 64509,
    "index": 20
  },
  {
    "name": "Load extend/application.js",
    "start": 1665142457029,
    "end": 1665142457040,
    "duration": 11,
    "pid": 64509,
    "index": 21
  },
  {
    "name": "Require(16) /Users/wangkai/wangkai/liujie/jinhaiwuliu-server/node_modules/egg-session/app/extend/application.js",
    "start": 1665142457029,
    "end": 1665142457029,
    "duration": 0,
    "pid": 64509,
    "index": 22
  },
  {
    "name": "Require(17) /Users/wangkai/wangkai/liujie/jinhaiwuliu-server/node_modules/egg-security/app/extend/application.js",
    "start": 1665142457029,
    "end": 1665142457030,
    "duration": 1,
    "pid": 64509,
    "index": 23
  },
  {
    "name": "Require(18) /Users/wangkai/wangkai/liujie/jinhaiwuliu-server/node_modules/egg-jsonp/app/extend/application.js",
    "start": 1665142457030,
    "end": 1665142457031,
    "duration": 1,
    "pid": 64509,
    "index": 24
  },
  {
    "name": "Require(19) /Users/wangkai/wangkai/liujie/jinhaiwuliu-server/node_modules/egg-schedule/app/extend/application.js",
    "start": 1665142457031,
    "end": 1665142457032,
    "duration": 1,
    "pid": 64509,
    "index": 25
  },
  {
    "name": "Require(20) /Users/wangkai/wangkai/liujie/jinhaiwuliu-server/node_modules/egg-mock/app/extend/application.js",
    "start": 1665142457032,
    "end": 1665142457035,
    "duration": 3,
    "pid": 64509,
    "index": 26
  },
  {
    "name": "Require(21) /Users/wangkai/wangkai/liujie/jinhaiwuliu-server/node_modules/@midwayjs/mock/app/extend/application.js",
    "start": 1665142457035,
    "end": 1665142457036,
    "duration": 1,
    "pid": 64509,
    "index": 27
  },
  {
    "name": "Require(22) /Users/wangkai/wangkai/liujie/jinhaiwuliu-server/node_modules/@midwayjs/web/app/extend/application.js",
    "start": 1665142457036,
    "end": 1665142457037,
    "duration": 1,
    "pid": 64509,
    "index": 28
  },
  {
    "name": "Load extend/request.js",
    "start": 1665142457040,
    "end": 1665142457043,
    "duration": 3,
    "pid": 64509,
    "index": 29
  },
  {
    "name": "Require(23) /Users/wangkai/wangkai/liujie/jinhaiwuliu-server/node_modules/egg/app/extend/request.js",
    "start": 1665142457041,
    "end": 1665142457042,
    "duration": 1,
    "pid": 64509,
    "index": 30
  },
  {
    "name": "Load extend/response.js",
    "start": 1665142457043,
    "end": 1665142457046,
    "duration": 3,
    "pid": 64509,
    "index": 31
  },
  {
    "name": "Require(24) /Users/wangkai/wangkai/liujie/jinhaiwuliu-server/node_modules/egg/app/extend/response.js",
    "start": 1665142457044,
    "end": 1665142457045,
    "duration": 1,
    "pid": 64509,
    "index": 32
  },
  {
    "name": "Load extend/context.js",
    "start": 1665142457046,
    "end": 1665142457047,
    "duration": 1,
    "pid": 64509,
    "index": 33
  },
  {
    "name": "Require(25) /Users/wangkai/wangkai/liujie/jinhaiwuliu-server/node_modules/egg-security/app/extend/context.js",
    "start": 1665142457046,
    "end": 1665142457046,
    "duration": 0,
    "pid": 64509,
    "index": 34
  },
  {
    "name": "Require(26) /Users/wangkai/wangkai/liujie/jinhaiwuliu-server/node_modules/egg-jsonp/app/extend/context.js",
    "start": 1665142457046,
    "end": 1665142457046,
    "duration": 0,
    "pid": 64509,
    "index": 35
  },
  {
    "name": "Require(27) /Users/wangkai/wangkai/liujie/jinhaiwuliu-server/node_modules/egg-i18n/app/extend/context.js",
    "start": 1665142457047,
    "end": 1665142457047,
    "duration": 0,
    "pid": 64509,
    "index": 36
  },
  {
    "name": "Require(28) /Users/wangkai/wangkai/liujie/jinhaiwuliu-server/node_modules/egg-multipart/app/extend/context.js",
    "start": 1665142457047,
    "end": 1665142457047,
    "duration": 0,
    "pid": 64509,
    "index": 37
  },
  {
    "name": "Require(29) /Users/wangkai/wangkai/liujie/jinhaiwuliu-server/node_modules/egg/app/extend/context.js",
    "start": 1665142457047,
    "end": 1665142457047,
    "duration": 0,
    "pid": 64509,
    "index": 38
  },
  {
    "name": "Require(30) /Users/wangkai/wangkai/liujie/jinhaiwuliu-server/node_modules/@midwayjs/web/app/extend/context.js",
    "start": 1665142457047,
    "end": 1665142457047,
    "duration": 0,
    "pid": 64509,
    "index": 39
  },
  {
    "name": "Load extend/helper.js",
    "start": 1665142457047,
    "end": 1665142457063,
    "duration": 16,
    "pid": 64509,
    "index": 40
  },
  {
    "name": "Require(31) /Users/wangkai/wangkai/liujie/jinhaiwuliu-server/node_modules/egg-security/app/extend/helper.js",
    "start": 1665142457048,
    "end": 1665142457061,
    "duration": 13,
    "pid": 64509,
    "index": 41
  },
  {
    "name": "Require(32) /Users/wangkai/wangkai/liujie/jinhaiwuliu-server/node_modules/egg/app/extend/helper.js",
    "start": 1665142457062,
    "end": 1665142457062,
    "duration": 0,
    "pid": 64509,
    "index": 42
  },
  {
    "name": "Load app.js",
    "start": 1665142457063,
    "end": 1665142457082,
    "duration": 19,
    "pid": 64509,
    "index": 43
  },
  {
    "name": "Require(33) /Users/wangkai/wangkai/liujie/jinhaiwuliu-server/node_modules/egg-session/app.js",
    "start": 1665142457063,
    "end": 1665142457064,
    "duration": 1,
    "pid": 64509,
    "index": 44
  },
  {
    "name": "Require(34) /Users/wangkai/wangkai/liujie/jinhaiwuliu-server/node_modules/egg-security/app.js",
    "start": 1665142457064,
    "end": 1665142457065,
    "duration": 1,
    "pid": 64509,
    "index": 45
  },
  {
    "name": "Require(35) /Users/wangkai/wangkai/liujie/jinhaiwuliu-server/node_modules/egg-onerror/app.js",
    "start": 1665142457065,
    "end": 1665142457070,
    "duration": 5,
    "pid": 64509,
    "index": 46
  },
  {
    "name": "Require(36) /Users/wangkai/wangkai/liujie/jinhaiwuliu-server/node_modules/egg-i18n/app.js",
    "start": 1665142457070,
    "end": 1665142457078,
    "duration": 8,
    "pid": 64509,
    "index": 47
  },
  {
    "name": "Require(37) /Users/wangkai/wangkai/liujie/jinhaiwuliu-server/node_modules/egg-schedule/app.js",
    "start": 1665142457078,
    "end": 1665142457079,
    "duration": 1,
    "pid": 64509,
    "index": 48
  },
  {
    "name": "Require(38) /Users/wangkai/wangkai/liujie/jinhaiwuliu-server/node_modules/egg-multipart/app.js",
    "start": 1665142457079,
    "end": 1665142457079,
    "duration": 0,
    "pid": 64509,
    "index": 49
  },
  {
    "name": "Require(39) /Users/wangkai/wangkai/liujie/jinhaiwuliu-server/node_modules/egg-static/app.js",
    "start": 1665142457080,
    "end": 1665142457080,
    "duration": 0,
    "pid": 64509,
    "index": 50
  },
  {
    "name": "Require(40) /Users/wangkai/wangkai/liujie/jinhaiwuliu-server/node_modules/midway-schedule/app.js",
    "start": 1665142457080,
    "end": 1665142457081,
    "duration": 1,
    "pid": 64509,
    "index": 51
  },
  {
    "name": "Require(41) /Users/wangkai/wangkai/liujie/jinhaiwuliu-server/node_modules/egg-mock/app.js",
    "start": 1665142457081,
    "end": 1665142457081,
    "duration": 0,
    "pid": 64509,
    "index": 52
  },
  {
    "name": "Require(42) /Users/wangkai/wangkai/liujie/jinhaiwuliu-server/node_modules/@midwayjs/web/app.js",
    "start": 1665142457081,
    "end": 1665142457082,
    "duration": 1,
    "pid": 64509,
    "index": 53
  },
  {
    "name": "Did Load in /Users/wangkai/wangkai/liujie/jinhaiwuliu-server/node_modules/@midwayjs/web/app.js:didLoad",
    "start": 1665142457087,
    "end": 1665142457124,
    "duration": 37,
    "pid": 64509,
    "index": 54
  },
  {
    "name": "Load Service",
    "start": 1665142457087,
    "end": 1665142457090,
    "duration": 3,
    "pid": 64509,
    "index": 55
  },
  {
    "name": "Load \"service\" to Context",
    "start": 1665142457087,
    "end": 1665142457090,
    "duration": 3,
    "pid": 64509,
    "index": 56
  },
  {
    "name": "Load Middleware",
    "start": 1665142457090,
    "end": 1665142457123,
    "duration": 33,
    "pid": 64509,
    "index": 57
  },
  {
    "name": "Load \"middlewares\" to Application",
    "start": 1665142457091,
    "end": 1665142457123,
    "duration": 32,
    "pid": 64509,
    "index": 58
  },
  {
    "name": "Load Controller",
    "start": 1665142457123,
    "end": 1665142457123,
    "duration": 0,
    "pid": 64509,
    "index": 59
  },
  {
    "name": "Load \"controller\" to Application",
    "start": 1665142457123,
    "end": 1665142457123,
    "duration": 0,
    "pid": 64509,
    "index": 60
  },
  {
    "name": "Load Router",
    "start": 1665142457123,
    "end": 1665142457123,
    "duration": 0,
    "pid": 64509,
    "index": 61
  },
  {
    "name": "Will Ready in /Users/wangkai/wangkai/liujie/jinhaiwuliu-server/node_modules/@midwayjs/web/app.js:willReady",
    "start": 1665142457125,
    "end": 1665142457311,
    "duration": 186,
    "pid": 64509,
    "index": 62
  }
]