[
  {
    "name": "Process Start",
    "start": 1663555329618,
    "end": 1663555331219,
    "duration": 1601,
    "pid": 58417,
    "index": 0
  },
  {
    "name": "Application Start",
    "start": 1663555331219,
    "end": 1663555331473,
    "duration": 254,
    "pid": 58417,
    "index": 1
  },
  {
    "name": "Load Plugin",
    "start": 1663555331220,
    "end": 1663555331221,
    "duration": 1,
    "pid": 58417,
    "index": 2
  },
  {
    "name": "Load Config",
    "start": 1663555331221,
    "end": 1663555331223,
    "duration": 2,
    "pid": 58417,
    "index": 3
  },
  {
    "name": "Require(0) config/config.default.ts",
    "start": 1663555331221,
    "end": 1663555331221,
    "duration": 0,
    "pid": 58417,
    "index": 4
  },
  {
    "name": "Require(1) config/config.local.ts",
    "start": 1663555331221,
    "end": 1663555331221,
    "duration": 0,
    "pid": 58417,
    "index": 5
  },
  {
    "name": "Require(2) /Users/wangkai/wangkai/liujie/jinhaiwuliu-server/node_modules/egg-session/config/config.default.js",
    "start": 1663555331221,
    "end": 1663555331221,
    "duration": 0,
    "pid": 58417,
    "index": 6
  },
  {
    "name": "Require(3) /Users/wangkai/wangkai/liujie/jinhaiwuliu-server/node_modules/egg-security/config/config.default.js",
    "start": 1663555331221,
    "end": 1663555331221,
    "duration": 0,
    "pid": 58417,
    "index": 7
  },
  {
    "name": "Require(4) /Users/wangkai/wangkai/liujie/jinhaiwuliu-server/node_modules/egg-jsonp/config/config.default.js",
    "start": 1663555331222,
    "end": 1663555331222,
    "duration": 0,
    "pid": 58417,
    "index": 8
  },
  {
    "name": "Require(5) /Users/wangkai/wangkai/liujie/jinhaiwuliu-server/node_modules/egg-onerror/config/config.default.js",
    "start": 1663555331222,
    "end": 1663555331222,
    "duration": 0,
    "pid": 58417,
    "index": 9
  },
  {
    "name": "Require(6) /Users/wangkai/wangkai/liujie/jinhaiwuliu-server/node_modules/egg-i18n/config/config.default.js",
    "start": 1663555331222,
    "end": 1663555331222,
    "duration": 0,
    "pid": 58417,
    "index": 10
  },
  {
    "name": "Require(7) /Users/wangkai/wangkai/liujie/jinhaiwuliu-server/node_modules/egg-schedule/config/config.default.js",
    "start": 1663555331222,
    "end": 1663555331222,
    "duration": 0,
    "pid": 58417,
    "index": 11
  },
  {
    "name": "Require(8) /Users/wangkai/wangkai/liujie/jinhaiwuliu-server/node_modules/egg-multipart/config/config.default.js",
    "start": 1663555331222,
    "end": 1663555331222,
    "duration": 0,
    "pid": 58417,
    "index": 12
  },
  {
    "name": "Require(9) /Users/wangkai/wangkai/liujie/jinhaiwuliu-server/node_modules/egg-static/config/config.default.js",
    "start": 1663555331222,
    "end": 1663555331222,
    "duration": 0,
    "pid": 58417,
    "index": 13
  },
  {
    "name": "Require(10) /Users/wangkai/wangkai/liujie/jinhaiwuliu-server/node_modules/egg/config/config.default.js",
    "start": 1663555331222,
    "end": 1663555331222,
    "duration": 0,
    "pid": 58417,
    "index": 14
  },
  {
    "name": "Require(11) /Users/wangkai/wangkai/liujie/jinhaiwuliu-server/node_modules/@midwayjs/web/config/config.default.js",
    "start": 1663555331222,
    "end": 1663555331222,
    "duration": 0,
    "pid": 58417,
    "index": 15
  },
  {
    "name": "Require(12) config/config.default.ts",
    "start": 1663555331222,
    "end": 1663555331222,
    "duration": 0,
    "pid": 58417,
    "index": 16
  },
  {
    "name": "Require(13) /Users/wangkai/wangkai/liujie/jinhaiwuliu-server/node_modules/egg-security/config/config.local.js",
    "start": 1663555331223,
    "end": 1663555331223,
    "duration": 0,
    "pid": 58417,
    "index": 17
  },
  {
    "name": "Require(14) /Users/wangkai/wangkai/liujie/jinhaiwuliu-server/node_modules/egg/config/config.local.js",
    "start": 1663555331223,
    "end": 1663555331223,
    "duration": 0,
    "pid": 58417,
    "index": 18
  },
  {
    "name": "Require(15) config/config.local.ts",
    "start": 1663555331223,
    "end": 1663555331223,
    "duration": 0,
    "pid": 58417,
    "index": 19
  },
  {
    "name": "Before Start in node_modules/@midwayjs/web/dist/framework/web.js:45:22",
    "start": 1663555331223,
    "end": 1663555331298,
    "duration": 75,
    "pid": 58417,
    "index": 20
  },
  {
    "name": "Load extend/application.js",
    "start": 1663555331228,
    "end": 1663555331233,
    "duration": 5,
    "pid": 58417,
    "index": 21
  },
  {
    "name": "Require(16) /Users/wangkai/wangkai/liujie/jinhaiwuliu-server/node_modules/egg-session/app/extend/application.js",
    "start": 1663555331229,
    "end": 1663555331229,
    "duration": 0,
    "pid": 58417,
    "index": 22
  },
  {
    "name": "Require(17) /Users/wangkai/wangkai/liujie/jinhaiwuliu-server/node_modules/egg-security/app/extend/application.js",
    "start": 1663555331229,
    "end": 1663555331229,
    "duration": 0,
    "pid": 58417,
    "index": 23
  },
  {
    "name": "Require(18) /Users/wangkai/wangkai/liujie/jinhaiwuliu-server/node_modules/egg-jsonp/app/extend/application.js",
    "start": 1663555331229,
    "end": 1663555331230,
    "duration": 1,
    "pid": 58417,
    "index": 24
  },
  {
    "name": "Require(19) /Users/wangkai/wangkai/liujie/jinhaiwuliu-server/node_modules/egg-schedule/app/extend/application.js",
    "start": 1663555331230,
    "end": 1663555331231,
    "duration": 1,
    "pid": 58417,
    "index": 25
  },
  {
    "name": "Require(20) /Users/wangkai/wangkai/liujie/jinhaiwuliu-server/node_modules/egg-mock/app/extend/application.js",
    "start": 1663555331231,
    "end": 1663555331232,
    "duration": 1,
    "pid": 58417,
    "index": 26
  },
  {
    "name": "Require(21) /Users/wangkai/wangkai/liujie/jinhaiwuliu-server/node_modules/@midwayjs/mock/app/extend/application.js",
    "start": 1663555331232,
    "end": 1663555331233,
    "duration": 1,
    "pid": 58417,
    "index": 27
  },
  {
    "name": "Require(22) /Users/wangkai/wangkai/liujie/jinhaiwuliu-server/node_modules/@midwayjs/web/app/extend/application.js",
    "start": 1663555331233,
    "end": 1663555331233,
    "duration": 0,
    "pid": 58417,
    "index": 28
  },
  {
    "name": "Load extend/request.js",
    "start": 1663555331233,
    "end": 1663555331235,
    "duration": 2,
    "pid": 58417,
    "index": 29
  },
  {
    "name": "Require(23) /Users/wangkai/wangkai/liujie/jinhaiwuliu-server/node_modules/egg/app/extend/request.js",
    "start": 1663555331234,
    "end": 1663555331234,
    "duration": 0,
    "pid": 58417,
    "index": 30
  },
  {
    "name": "Load extend/response.js",
    "start": 1663555331235,
    "end": 1663555331237,
    "duration": 2,
    "pid": 58417,
    "index": 31
  },
  {
    "name": "Require(24) /Users/wangkai/wangkai/liujie/jinhaiwuliu-server/node_modules/egg/app/extend/response.js",
    "start": 1663555331235,
    "end": 1663555331236,
    "duration": 1,
    "pid": 58417,
    "index": 32
  },
  {
    "name": "Load extend/context.js",
    "start": 1663555331237,
    "end": 1663555331237,
    "duration": 0,
    "pid": 58417,
    "index": 33
  },
  {
    "name": "Require(25) /Users/wangkai/wangkai/liujie/jinhaiwuliu-server/node_modules/egg-security/app/extend/context.js",
    "start": 1663555331237,
    "end": 1663555331237,
    "duration": 0,
    "pid": 58417,
    "index": 34
  },
  {
    "name": "Require(26) /Users/wangkai/wangkai/liujie/jinhaiwuliu-server/node_modules/egg-jsonp/app/extend/context.js",
    "start": 1663555331237,
    "end": 1663555331237,
    "duration": 0,
    "pid": 58417,
    "index": 35
  },
  {
    "name": "Require(27) /Users/wangkai/wangkai/liujie/jinhaiwuliu-server/node_modules/egg-i18n/app/extend/context.js",
    "start": 1663555331237,
    "end": 1663555331237,
    "duration": 0,
    "pid": 58417,
    "index": 36
  },
  {
    "name": "Require(28) /Users/wangkai/wangkai/liujie/jinhaiwuliu-server/node_modules/egg-multipart/app/extend/context.js",
    "start": 1663555331237,
    "end": 1663555331237,
    "duration": 0,
    "pid": 58417,
    "index": 37
  },
  {
    "name": "Require(29) /Users/wangkai/wangkai/liujie/jinhaiwuliu-server/node_modules/egg/app/extend/context.js",
    "start": 1663555331237,
    "end": 1663555331237,
    "duration": 0,
    "pid": 58417,
    "index": 38
  },
  {
    "name": "Require(30) /Users/wangkai/wangkai/liujie/jinhaiwuliu-server/node_modules/@midwayjs/web/app/extend/context.js",
    "start": 1663555331237,
    "end": 1663555331237,
    "duration": 0,
    "pid": 58417,
    "index": 39
  },
  {
    "name": "Load extend/helper.js",
    "start": 1663555331237,
    "end": 1663555331247,
    "duration": 10,
    "pid": 58417,
    "index": 40
  },
  {
    "name": "Require(31) /Users/wangkai/wangkai/liujie/jinhaiwuliu-server/node_modules/egg-security/app/extend/helper.js",
    "start": 1663555331237,
    "end": 1663555331246,
    "duration": 9,
    "pid": 58417,
    "index": 41
  },
  {
    "name": "Require(32) /Users/wangkai/wangkai/liujie/jinhaiwuliu-server/node_modules/egg/app/extend/helper.js",
    "start": 1663555331246,
    "end": 1663555331246,
    "duration": 0,
    "pid": 58417,
    "index": 42
  },
  {
    "name": "Load app.js",
    "start": 1663555331247,
    "end": 1663555331260,
    "duration": 13,
    "pid": 58417,
    "index": 43
  },
  {
    "name": "Require(33) /Users/wangkai/wangkai/liujie/jinhaiwuliu-server/node_modules/egg-session/app.js",
    "start": 1663555331247,
    "end": 1663555331247,
    "duration": 0,
    "pid": 58417,
    "index": 44
  },
  {
    "name": "Require(34) /Users/wangkai/wangkai/liujie/jinhaiwuliu-server/node_modules/egg-security/app.js",
    "start": 1663555331247,
    "end": 1663555331248,
    "duration": 1,
    "pid": 58417,
    "index": 45
  },
  {
    "name": "Require(35) /Users/wangkai/wangkai/liujie/jinhaiwuliu-server/node_modules/egg-onerror/app.js",
    "start": 1663555331248,
    "end": 1663555331251,
    "duration": 3,
    "pid": 58417,
    "index": 46
  },
  {
    "name": "Require(36) /Users/wangkai/wangkai/liujie/jinhaiwuliu-server/node_modules/egg-i18n/app.js",
    "start": 1663555331251,
    "end": 1663555331257,
    "duration": 6,
    "pid": 58417,
    "index": 47
  },
  {
    "name": "Require(37) /Users/wangkai/wangkai/liujie/jinhaiwuliu-server/node_modules/egg-schedule/app.js",
    "start": 1663555331257,
    "end": 1663555331258,
    "duration": 1,
    "pid": 58417,
    "index": 48
  },
  {
    "name": "Require(38) /Users/wangkai/wangkai/liujie/jinhaiwuliu-server/node_modules/egg-multipart/app.js",
    "start": 1663555331258,
    "end": 1663555331258,
    "duration": 0,
    "pid": 58417,
    "index": 49
  },
  {
    "name": "Require(39) /Users/wangkai/wangkai/liujie/jinhaiwuliu-server/node_modules/egg-static/app.js",
    "start": 1663555331258,
    "end": 1663555331259,
    "duration": 1,
    "pid": 58417,
    "index": 50
  },
  {
    "name": "Require(40) /Users/wangkai/wangkai/liujie/jinhaiwuliu-server/node_modules/midway-schedule/app.js",
    "start": 1663555331259,
    "end": 1663555331259,
    "duration": 0,
    "pid": 58417,
    "index": 51
  },
  {
    "name": "Require(41) /Users/wangkai/wangkai/liujie/jinhaiwuliu-server/node_modules/egg-mock/app.js",
    "start": 1663555331259,
    "end": 1663555331259,
    "duration": 0,
    "pid": 58417,
    "index": 52
  },
  {
    "name": "Require(42) /Users/wangkai/wangkai/liujie/jinhaiwuliu-server/node_modules/@midwayjs/web/app.js",
    "start": 1663555331259,
    "end": 1663555331260,
    "duration": 1,
    "pid": 58417,
    "index": 53
  },
  {
    "name": "Did Load in /Users/wangkai/wangkai/liujie/jinhaiwuliu-server/node_modules/@midwayjs/web/app.js:didLoad",
    "start": 1663555331265,
    "end": 1663555331298,
    "duration": 33,
    "pid": 58417,
    "index": 54
  },
  {
    "name": "Load Service",
    "start": 1663555331265,
    "end": 1663555331267,
    "duration": 2,
    "pid": 58417,
    "index": 55
  },
  {
    "name": "Load \"service\" to Context",
    "start": 1663555331265,
    "end": 1663555331267,
    "duration": 2,
    "pid": 58417,
    "index": 56
  },
  {
    "name": "Load Middleware",
    "start": 1663555331267,
    "end": 1663555331297,
    "duration": 30,
    "pid": 58417,
    "index": 57
  },
  {
    "name": "Load \"middlewares\" to Application",
    "start": 1663555331267,
    "end": 1663555331297,
    "duration": 30,
    "pid": 58417,
    "index": 58
  },
  {
    "name": "Load Controller",
    "start": 1663555331297,
    "end": 1663555331297,
    "duration": 0,
    "pid": 58417,
    "index": 59
  },
  {
    "name": "Load \"controller\" to Application",
    "start": 1663555331297,
    "end": 1663555331297,
    "duration": 0,
    "pid": 58417,
    "index": 60
  },
  {
    "name": "Load Router",
    "start": 1663555331297,
    "end": 1663555331297,
    "duration": 0,
    "pid": 58417,
    "index": 61
  },
  {
    "name": "Will Ready in /Users/wangkai/wangkai/liujie/jinhaiwuliu-server/node_modules/@midwayjs/web/app.js:willReady",
    "start": 1663555331298,
    "end": 1663555331473,
    "duration": 175,
    "pid": 58417,
    "index": 62
  }
]