[
  {
    "name": "Process Start",
    "start": 1662964264209,
    "end": 1662964265959,
    "duration": 1750,
    "pid": 26742,
    "index": 0
  },
  {
    "name": "Application Start",
    "start": 1662964265959,
    "end": 1662964266248,
    "duration": 289,
    "pid": 26742,
    "index": 1
  },
  {
    "name": "Load Plugin",
    "start": 1662964265960,
    "end": 1662964265963,
    "duration": 3,
    "pid": 26742,
    "index": 2
  },
  {
    "name": "Load Config",
    "start": 1662964265963,
    "end": 1662964265969,
    "duration": 6,
    "pid": 26742,
    "index": 3
  },
  {
    "name": "Require(0) config/config.default.ts",
    "start": 1662964265963,
    "end": 1662964265963,
    "duration": 0,
    "pid": 26742,
    "index": 4
  },
  {
    "name": "Require(1) config/config.local.ts",
    "start": 1662964265963,
    "end": 1662964265963,
    "duration": 0,
    "pid": 26742,
    "index": 5
  },
  {
    "name": "Require(2) /Users/wangkai/wangkai/liujie/jinhaiwuliu-server/node_modules/egg-session/config/config.default.js",
    "start": 1662964265964,
    "end": 1662964265964,
    "duration": 0,
    "pid": 26742,
    "index": 6
  },
  {
    "name": "Require(3) /Users/wangkai/wangkai/liujie/jinhaiwuliu-server/node_modules/egg-security/config/config.default.js",
    "start": 1662964265964,
    "end": 1662964265964,
    "duration": 0,
    "pid": 26742,
    "index": 7
  },
  {
    "name": "Require(4) /Users/wangkai/wangkai/liujie/jinhaiwuliu-server/node_modules/egg-jsonp/config/config.default.js",
    "start": 1662964265965,
    "end": 1662964265965,
    "duration": 0,
    "pid": 26742,
    "index": 8
  },
  {
    "name": "Require(5) /Users/wangkai/wangkai/liujie/jinhaiwuliu-server/node_modules/egg-onerror/config/config.default.js",
    "start": 1662964265965,
    "end": 1662964265965,
    "duration": 0,
    "pid": 26742,
    "index": 9
  },
  {
    "name": "Require(6) /Users/wangkai/wangkai/liujie/jinhaiwuliu-server/node_modules/egg-i18n/config/config.default.js",
    "start": 1662964265965,
    "end": 1662964265965,
    "duration": 0,
    "pid": 26742,
    "index": 10
  },
  {
    "name": "Require(7) /Users/wangkai/wangkai/liujie/jinhaiwuliu-server/node_modules/egg-schedule/config/config.default.js",
    "start": 1662964265965,
    "end": 1662964265965,
    "duration": 0,
    "pid": 26742,
    "index": 11
  },
  {
    "name": "Require(8) /Users/wangkai/wangkai/liujie/jinhaiwuliu-server/node_modules/egg-multipart/config/config.default.js",
    "start": 1662964265965,
    "end": 1662964265965,
    "duration": 0,
    "pid": 26742,
    "index": 12
  },
  {
    "name": "Require(9) /Users/wangkai/wangkai/liujie/jinhaiwuliu-server/node_modules/egg-static/config/config.default.js",
    "start": 1662964265965,
    "end": 1662964265965,
    "duration": 0,
    "pid": 26742,
    "index": 13
  },
  {
    "name": "Require(10) /Users/wangkai/wangkai/liujie/jinhaiwuliu-server/node_modules/egg/config/config.default.js",
    "start": 1662964265965,
    "end": 1662964265965,
    "duration": 0,
    "pid": 26742,
    "index": 14
  },
  {
    "name": "Require(11) /Users/wangkai/wangkai/liujie/jinhaiwuliu-server/node_modules/@midwayjs/web/config/config.default.js",
    "start": 1662964265966,
    "end": 1662964265966,
    "duration": 0,
    "pid": 26742,
    "index": 15
  },
  {
    "name": "Require(12) config/config.default.ts",
    "start": 1662964265966,
    "end": 1662964265966,
    "duration": 0,
    "pid": 26742,
    "index": 16
  },
  {
    "name": "Require(13) /Users/wangkai/wangkai/liujie/jinhaiwuliu-server/node_modules/egg-security/config/config.local.js",
    "start": 1662964265967,
    "end": 1662964265967,
    "duration": 0,
    "pid": 26742,
    "index": 17
  },
  {
    "name": "Require(14) /Users/wangkai/wangkai/liujie/jinhaiwuliu-server/node_modules/egg/config/config.local.js",
    "start": 1662964265967,
    "end": 1662964265967,
    "duration": 0,
    "pid": 26742,
    "index": 18
  },
  {
    "name": "Require(15) config/config.local.ts",
    "start": 1662964265967,
    "end": 1662964265968,
    "duration": 1,
    "pid": 26742,
    "index": 19
  },
  {
    "name": "Before Start in node_modules/@midwayjs/web/dist/framework/web.js:45:22",
    "start": 1662964265969,
    "end": 1662964266054,
    "duration": 85,
    "pid": 26742,
    "index": 20
  },
  {
    "name": "Load extend/application.js",
    "start": 1662964265978,
    "end": 1662964265984,
    "duration": 6,
    "pid": 26742,
    "index": 21
  },
  {
    "name": "Require(16) /Users/wangkai/wangkai/liujie/jinhaiwuliu-server/node_modules/egg-session/app/extend/application.js",
    "start": 1662964265978,
    "end": 1662964265979,
    "duration": 1,
    "pid": 26742,
    "index": 22
  },
  {
    "name": "Require(17) /Users/wangkai/wangkai/liujie/jinhaiwuliu-server/node_modules/egg-security/app/extend/application.js",
    "start": 1662964265979,
    "end": 1662964265979,
    "duration": 0,
    "pid": 26742,
    "index": 23
  },
  {
    "name": "Require(18) /Users/wangkai/wangkai/liujie/jinhaiwuliu-server/node_modules/egg-jsonp/app/extend/application.js",
    "start": 1662964265979,
    "end": 1662964265980,
    "duration": 1,
    "pid": 26742,
    "index": 24
  },
  {
    "name": "Require(19) /Users/wangkai/wangkai/liujie/jinhaiwuliu-server/node_modules/egg-schedule/app/extend/application.js",
    "start": 1662964265980,
    "end": 1662964265981,
    "duration": 1,
    "pid": 26742,
    "index": 25
  },
  {
    "name": "Require(20) /Users/wangkai/wangkai/liujie/jinhaiwuliu-server/node_modules/egg-mock/app/extend/application.js",
    "start": 1662964265981,
    "end": 1662964265982,
    "duration": 1,
    "pid": 26742,
    "index": 26
  },
  {
    "name": "Require(21) /Users/wangkai/wangkai/liujie/jinhaiwuliu-server/node_modules/@midwayjs/mock/app/extend/application.js",
    "start": 1662964265982,
    "end": 1662964265983,
    "duration": 1,
    "pid": 26742,
    "index": 27
  },
  {
    "name": "Require(22) /Users/wangkai/wangkai/liujie/jinhaiwuliu-server/node_modules/@midwayjs/web/app/extend/application.js",
    "start": 1662964265983,
    "end": 1662964265984,
    "duration": 1,
    "pid": 26742,
    "index": 28
  },
  {
    "name": "Load extend/request.js",
    "start": 1662964265984,
    "end": 1662964265986,
    "duration": 2,
    "pid": 26742,
    "index": 29
  },
  {
    "name": "Require(23) /Users/wangkai/wangkai/liujie/jinhaiwuliu-server/node_modules/egg/app/extend/request.js",
    "start": 1662964265984,
    "end": 1662964265985,
    "duration": 1,
    "pid": 26742,
    "index": 30
  },
  {
    "name": "Load extend/response.js",
    "start": 1662964265986,
    "end": 1662964265988,
    "duration": 2,
    "pid": 26742,
    "index": 31
  },
  {
    "name": "Require(24) /Users/wangkai/wangkai/liujie/jinhaiwuliu-server/node_modules/egg/app/extend/response.js",
    "start": 1662964265986,
    "end": 1662964265987,
    "duration": 1,
    "pid": 26742,
    "index": 32
  },
  {
    "name": "Load extend/context.js",
    "start": 1662964265988,
    "end": 1662964265988,
    "duration": 0,
    "pid": 26742,
    "index": 33
  },
  {
    "name": "Require(25) /Users/wangkai/wangkai/liujie/jinhaiwuliu-server/node_modules/egg-security/app/extend/context.js",
    "start": 1662964265988,
    "end": 1662964265988,
    "duration": 0,
    "pid": 26742,
    "index": 34
  },
  {
    "name": "Require(26) /Users/wangkai/wangkai/liujie/jinhaiwuliu-server/node_modules/egg-jsonp/app/extend/context.js",
    "start": 1662964265988,
    "end": 1662964265988,
    "duration": 0,
    "pid": 26742,
    "index": 35
  },
  {
    "name": "Require(27) /Users/wangkai/wangkai/liujie/jinhaiwuliu-server/node_modules/egg-i18n/app/extend/context.js",
    "start": 1662964265988,
    "end": 1662964265988,
    "duration": 0,
    "pid": 26742,
    "index": 36
  },
  {
    "name": "Require(28) /Users/wangkai/wangkai/liujie/jinhaiwuliu-server/node_modules/egg-multipart/app/extend/context.js",
    "start": 1662964265988,
    "end": 1662964265988,
    "duration": 0,
    "pid": 26742,
    "index": 37
  },
  {
    "name": "Require(29) /Users/wangkai/wangkai/liujie/jinhaiwuliu-server/node_modules/egg/app/extend/context.js",
    "start": 1662964265988,
    "end": 1662964265988,
    "duration": 0,
    "pid": 26742,
    "index": 38
  },
  {
    "name": "Require(30) /Users/wangkai/wangkai/liujie/jinhaiwuliu-server/node_modules/@midwayjs/web/app/extend/context.js",
    "start": 1662964265988,
    "end": 1662964265988,
    "duration": 0,
    "pid": 26742,
    "index": 39
  },
  {
    "name": "Load extend/helper.js",
    "start": 1662964265989,
    "end": 1662964265999,
    "duration": 10,
    "pid": 26742,
    "index": 40
  },
  {
    "name": "Require(31) /Users/wangkai/wangkai/liujie/jinhaiwuliu-server/node_modules/egg-security/app/extend/helper.js",
    "start": 1662964265989,
    "end": 1662964265998,
    "duration": 9,
    "pid": 26742,
    "index": 41
  },
  {
    "name": "Require(32) /Users/wangkai/wangkai/liujie/jinhaiwuliu-server/node_modules/egg/app/extend/helper.js",
    "start": 1662964265998,
    "end": 1662964265999,
    "duration": 1,
    "pid": 26742,
    "index": 42
  },
  {
    "name": "Load app.js",
    "start": 1662964265999,
    "end": 1662964266014,
    "duration": 15,
    "pid": 26742,
    "index": 43
  },
  {
    "name": "Require(33) /Users/wangkai/wangkai/liujie/jinhaiwuliu-server/node_modules/egg-session/app.js",
    "start": 1662964265999,
    "end": 1662964266000,
    "duration": 1,
    "pid": 26742,
    "index": 44
  },
  {
    "name": "Require(34) /Users/wangkai/wangkai/liujie/jinhaiwuliu-server/node_modules/egg-security/app.js",
    "start": 1662964266000,
    "end": 1662964266000,
    "duration": 0,
    "pid": 26742,
    "index": 45
  },
  {
    "name": "Require(35) /Users/wangkai/wangkai/liujie/jinhaiwuliu-server/node_modules/egg-onerror/app.js",
    "start": 1662964266001,
    "end": 1662964266004,
    "duration": 3,
    "pid": 26742,
    "index": 46
  },
  {
    "name": "Require(36) /Users/wangkai/wangkai/liujie/jinhaiwuliu-server/node_modules/egg-i18n/app.js",
    "start": 1662964266004,
    "end": 1662964266011,
    "duration": 7,
    "pid": 26742,
    "index": 47
  },
  {
    "name": "Require(37) /Users/wangkai/wangkai/liujie/jinhaiwuliu-server/node_modules/egg-schedule/app.js",
    "start": 1662964266011,
    "end": 1662964266011,
    "duration": 0,
    "pid": 26742,
    "index": 48
  },
  {
    "name": "Require(38) /Users/wangkai/wangkai/liujie/jinhaiwuliu-server/node_modules/egg-multipart/app.js",
    "start": 1662964266011,
    "end": 1662964266012,
    "duration": 1,
    "pid": 26742,
    "index": 49
  },
  {
    "name": "Require(39) /Users/wangkai/wangkai/liujie/jinhaiwuliu-server/node_modules/egg-static/app.js",
    "start": 1662964266012,
    "end": 1662964266012,
    "duration": 0,
    "pid": 26742,
    "index": 50
  },
  {
    "name": "Require(40) /Users/wangkai/wangkai/liujie/jinhaiwuliu-server/node_modules/midway-schedule/app.js",
    "start": 1662964266012,
    "end": 1662964266013,
    "duration": 1,
    "pid": 26742,
    "index": 51
  },
  {
    "name": "Require(41) /Users/wangkai/wangkai/liujie/jinhaiwuliu-server/node_modules/egg-mock/app.js",
    "start": 1662964266013,
    "end": 1662964266013,
    "duration": 0,
    "pid": 26742,
    "index": 52
  },
  {
    "name": "Require(42) /Users/wangkai/wangkai/liujie/jinhaiwuliu-server/node_modules/@midwayjs/web/app.js",
    "start": 1662964266013,
    "end": 1662964266014,
    "duration": 1,
    "pid": 26742,
    "index": 53
  },
  {
    "name": "Did Load in /Users/wangkai/wangkai/liujie/jinhaiwuliu-server/node_modules/@midwayjs/web/app.js:didLoad",
    "start": 1662964266020,
    "end": 1662964266054,
    "duration": 34,
    "pid": 26742,
    "index": 54
  },
  {
    "name": "Load Service",
    "start": 1662964266020,
    "end": 1662964266022,
    "duration": 2,
    "pid": 26742,
    "index": 55
  },
  {
    "name": "Load \"service\" to Context",
    "start": 1662964266020,
    "end": 1662964266022,
    "duration": 2,
    "pid": 26742,
    "index": 56
  },
  {
    "name": "Load Middleware",
    "start": 1662964266023,
    "end": 1662964266053,
    "duration": 30,
    "pid": 26742,
    "index": 57
  },
  {
    "name": "Load \"middlewares\" to Application",
    "start": 1662964266023,
    "end": 1662964266053,
    "duration": 30,
    "pid": 26742,
    "index": 58
  },
  {
    "name": "Load Controller",
    "start": 1662964266053,
    "end": 1662964266053,
    "duration": 0,
    "pid": 26742,
    "index": 59
  },
  {
    "name": "Load \"controller\" to Application",
    "start": 1662964266053,
    "end": 1662964266053,
    "duration": 0,
    "pid": 26742,
    "index": 60
  },
  {
    "name": "Load Router",
    "start": 1662964266053,
    "end": 1662964266053,
    "duration": 0,
    "pid": 26742,
    "index": 61
  },
  {
    "name": "Will Ready in /Users/wangkai/wangkai/liujie/jinhaiwuliu-server/node_modules/@midwayjs/web/app.js:willReady",
    "start": 1662964266054,
    "end": 1662964266248,
    "duration": 194,
    "pid": 26742,
    "index": 62
  }
]