[
  {
    "name": "Process Start",
    "start": 1667912110841,
    "end": 1667912113332,
    "duration": 2491,
    "pid": 80765,
    "index": 0
  },
  {
    "name": "Application Start",
    "start": 1667912113332,
    "end": 1667912113959,
    "duration": 627,
    "pid": 80765,
    "index": 1
  },
  {
    "name": "Load Plugin",
    "start": 1667912113332,
    "end": 1667912113333,
    "duration": 1,
    "pid": 80765,
    "index": 2
  },
  {
    "name": "Load Config",
    "start": 1667912113333,
    "end": 1667912113336,
    "duration": 3,
    "pid": 80765,
    "index": 3
  },
  {
    "name": "Require(0) config/config.default.ts",
    "start": 1667912113333,
    "end": 1667912113333,
    "duration": 0,
    "pid": 80765,
    "index": 4
  },
  {
    "name": "Require(1) config/config.local.ts",
    "start": 1667912113333,
    "end": 1667912113333,
    "duration": 0,
    "pid": 80765,
    "index": 5
  },
  {
    "name": "Require(2) /Users/wangkai/wangkai/qf/b-hooks/react-project-server/node_modules/egg-session/config/config.default.js",
    "start": 1667912113334,
    "end": 1667912113334,
    "duration": 0,
    "pid": 80765,
    "index": 6
  },
  {
    "name": "Require(3) /Users/wangkai/wangkai/qf/b-hooks/react-project-server/node_modules/egg-security/config/config.default.js",
    "start": 1667912113334,
    "end": 1667912113334,
    "duration": 0,
    "pid": 80765,
    "index": 7
  },
  {
    "name": "Require(4) /Users/wangkai/wangkai/qf/b-hooks/react-project-server/node_modules/egg-jsonp/config/config.default.js",
    "start": 1667912113334,
    "end": 1667912113334,
    "duration": 0,
    "pid": 80765,
    "index": 8
  },
  {
    "name": "Require(5) /Users/wangkai/wangkai/qf/b-hooks/react-project-server/node_modules/egg-onerror/config/config.default.js",
    "start": 1667912113334,
    "end": 1667912113334,
    "duration": 0,
    "pid": 80765,
    "index": 9
  },
  {
    "name": "Require(6) /Users/wangkai/wangkai/qf/b-hooks/react-project-server/node_modules/egg-i18n/config/config.default.js",
    "start": 1667912113334,
    "end": 1667912113334,
    "duration": 0,
    "pid": 80765,
    "index": 10
  },
  {
    "name": "Require(7) /Users/wangkai/wangkai/qf/b-hooks/react-project-server/node_modules/egg-schedule/config/config.default.js",
    "start": 1667912113334,
    "end": 1667912113334,
    "duration": 0,
    "pid": 80765,
    "index": 11
  },
  {
    "name": "Require(8) /Users/wangkai/wangkai/qf/b-hooks/react-project-server/node_modules/egg-multipart/config/config.default.js",
    "start": 1667912113334,
    "end": 1667912113334,
    "duration": 0,
    "pid": 80765,
    "index": 12
  },
  {
    "name": "Require(9) /Users/wangkai/wangkai/qf/b-hooks/react-project-server/node_modules/egg-static/config/config.default.js",
    "start": 1667912113334,
    "end": 1667912113334,
    "duration": 0,
    "pid": 80765,
    "index": 13
  },
  {
    "name": "Require(10) /Users/wangkai/wangkai/qf/b-hooks/react-project-server/node_modules/egg/config/config.default.js",
    "start": 1667912113334,
    "end": 1667912113334,
    "duration": 0,
    "pid": 80765,
    "index": 14
  },
  {
    "name": "Require(11) /Users/wangkai/wangkai/qf/b-hooks/react-project-server/node_modules/@midwayjs/web/config/config.default.js",
    "start": 1667912113335,
    "end": 1667912113335,
    "duration": 0,
    "pid": 80765,
    "index": 15
  },
  {
    "name": "Require(12) config/config.default.ts",
    "start": 1667912113335,
    "end": 1667912113335,
    "duration": 0,
    "pid": 80765,
    "index": 16
  },
  {
    "name": "Require(13) /Users/wangkai/wangkai/qf/b-hooks/react-project-server/node_modules/egg-security/config/config.local.js",
    "start": 1667912113335,
    "end": 1667912113335,
    "duration": 0,
    "pid": 80765,
    "index": 17
  },
  {
    "name": "Require(14) /Users/wangkai/wangkai/qf/b-hooks/react-project-server/node_modules/egg/config/config.local.js",
    "start": 1667912113335,
    "end": 1667912113335,
    "duration": 0,
    "pid": 80765,
    "index": 18
  },
  {
    "name": "Require(15) config/config.local.ts",
    "start": 1667912113335,
    "end": 1667912113335,
    "duration": 0,
    "pid": 80765,
    "index": 19
  },
  {
    "name": "Before Start in node_modules/@midwayjs/web/dist/framework/web.js:45:22",
    "start": 1667912113336,
    "end": 1667912113450,
    "duration": 114,
    "pid": 80765,
    "index": 20
  },
  {
    "name": "Load extend/application.js",
    "start": 1667912113344,
    "end": 1667912113350,
    "duration": 6,
    "pid": 80765,
    "index": 21
  },
  {
    "name": "Require(16) /Users/wangkai/wangkai/qf/b-hooks/react-project-server/node_modules/egg-session/app/extend/application.js",
    "start": 1667912113344,
    "end": 1667912113345,
    "duration": 1,
    "pid": 80765,
    "index": 22
  },
  {
    "name": "Require(17) /Users/wangkai/wangkai/qf/b-hooks/react-project-server/node_modules/egg-security/app/extend/application.js",
    "start": 1667912113345,
    "end": 1667912113345,
    "duration": 0,
    "pid": 80765,
    "index": 23
  },
  {
    "name": "Require(18) /Users/wangkai/wangkai/qf/b-hooks/react-project-server/node_modules/egg-jsonp/app/extend/application.js",
    "start": 1667912113346,
    "end": 1667912113346,
    "duration": 0,
    "pid": 80765,
    "index": 24
  },
  {
    "name": "Require(19) /Users/wangkai/wangkai/qf/b-hooks/react-project-server/node_modules/egg-schedule/app/extend/application.js",
    "start": 1667912113346,
    "end": 1667912113347,
    "duration": 1,
    "pid": 80765,
    "index": 25
  },
  {
    "name": "Require(20) /Users/wangkai/wangkai/qf/b-hooks/react-project-server/node_modules/egg-mock/app/extend/application.js",
    "start": 1667912113347,
    "end": 1667912113348,
    "duration": 1,
    "pid": 80765,
    "index": 26
  },
  {
    "name": "Require(21) /Users/wangkai/wangkai/qf/b-hooks/react-project-server/node_modules/@midwayjs/mock/app/extend/application.js",
    "start": 1667912113348,
    "end": 1667912113349,
    "duration": 1,
    "pid": 80765,
    "index": 27
  },
  {
    "name": "Require(22) /Users/wangkai/wangkai/qf/b-hooks/react-project-server/node_modules/@midwayjs/web/app/extend/application.js",
    "start": 1667912113349,
    "end": 1667912113349,
    "duration": 0,
    "pid": 80765,
    "index": 28
  },
  {
    "name": "Load extend/request.js",
    "start": 1667912113350,
    "end": 1667912113351,
    "duration": 1,
    "pid": 80765,
    "index": 29
  },
  {
    "name": "Require(23) /Users/wangkai/wangkai/qf/b-hooks/react-project-server/node_modules/egg/app/extend/request.js",
    "start": 1667912113350,
    "end": 1667912113351,
    "duration": 1,
    "pid": 80765,
    "index": 30
  },
  {
    "name": "Load extend/response.js",
    "start": 1667912113351,
    "end": 1667912113353,
    "duration": 2,
    "pid": 80765,
    "index": 31
  },
  {
    "name": "Require(24) /Users/wangkai/wangkai/qf/b-hooks/react-project-server/node_modules/egg/app/extend/response.js",
    "start": 1667912113352,
    "end": 1667912113353,
    "duration": 1,
    "pid": 80765,
    "index": 32
  },
  {
    "name": "Load extend/context.js",
    "start": 1667912113353,
    "end": 1667912113354,
    "duration": 1,
    "pid": 80765,
    "index": 33
  },
  {
    "name": "Require(25) /Users/wangkai/wangkai/qf/b-hooks/react-project-server/node_modules/egg-security/app/extend/context.js",
    "start": 1667912113353,
    "end": 1667912113353,
    "duration": 0,
    "pid": 80765,
    "index": 34
  },
  {
    "name": "Require(26) /Users/wangkai/wangkai/qf/b-hooks/react-project-server/node_modules/egg-jsonp/app/extend/context.js",
    "start": 1667912113353,
    "end": 1667912113353,
    "duration": 0,
    "pid": 80765,
    "index": 35
  },
  {
    "name": "Require(27) /Users/wangkai/wangkai/qf/b-hooks/react-project-server/node_modules/egg-i18n/app/extend/context.js",
    "start": 1667912113353,
    "end": 1667912113353,
    "duration": 0,
    "pid": 80765,
    "index": 36
  },
  {
    "name": "Require(28) /Users/wangkai/wangkai/qf/b-hooks/react-project-server/node_modules/egg-multipart/app/extend/context.js",
    "start": 1667912113353,
    "end": 1667912113353,
    "duration": 0,
    "pid": 80765,
    "index": 37
  },
  {
    "name": "Require(29) /Users/wangkai/wangkai/qf/b-hooks/react-project-server/node_modules/egg/app/extend/context.js",
    "start": 1667912113353,
    "end": 1667912113354,
    "duration": 1,
    "pid": 80765,
    "index": 38
  },
  {
    "name": "Require(30) /Users/wangkai/wangkai/qf/b-hooks/react-project-server/node_modules/@midwayjs/web/app/extend/context.js",
    "start": 1667912113354,
    "end": 1667912113354,
    "duration": 0,
    "pid": 80765,
    "index": 39
  },
  {
    "name": "Load extend/helper.js",
    "start": 1667912113354,
    "end": 1667912113367,
    "duration": 13,
    "pid": 80765,
    "index": 40
  },
  {
    "name": "Require(31) /Users/wangkai/wangkai/qf/b-hooks/react-project-server/node_modules/egg-security/app/extend/helper.js",
    "start": 1667912113354,
    "end": 1667912113366,
    "duration": 12,
    "pid": 80765,
    "index": 41
  },
  {
    "name": "Require(32) /Users/wangkai/wangkai/qf/b-hooks/react-project-server/node_modules/egg/app/extend/helper.js",
    "start": 1667912113366,
    "end": 1667912113367,
    "duration": 1,
    "pid": 80765,
    "index": 42
  },
  {
    "name": "Load app.js",
    "start": 1667912113367,
    "end": 1667912113386,
    "duration": 19,
    "pid": 80765,
    "index": 43
  },
  {
    "name": "Require(33) /Users/wangkai/wangkai/qf/b-hooks/react-project-server/node_modules/egg-session/app.js",
    "start": 1667912113367,
    "end": 1667912113368,
    "duration": 1,
    "pid": 80765,
    "index": 44
  },
  {
    "name": "Require(34) /Users/wangkai/wangkai/qf/b-hooks/react-project-server/node_modules/egg-security/app.js",
    "start": 1667912113368,
    "end": 1667912113369,
    "duration": 1,
    "pid": 80765,
    "index": 45
  },
  {
    "name": "Require(35) /Users/wangkai/wangkai/qf/b-hooks/react-project-server/node_modules/egg-onerror/app.js",
    "start": 1667912113369,
    "end": 1667912113373,
    "duration": 4,
    "pid": 80765,
    "index": 46
  },
  {
    "name": "Require(36) /Users/wangkai/wangkai/qf/b-hooks/react-project-server/node_modules/egg-i18n/app.js",
    "start": 1667912113374,
    "end": 1667912113382,
    "duration": 8,
    "pid": 80765,
    "index": 47
  },
  {
    "name": "Require(37) /Users/wangkai/wangkai/qf/b-hooks/react-project-server/node_modules/egg-schedule/app.js",
    "start": 1667912113382,
    "end": 1667912113382,
    "duration": 0,
    "pid": 80765,
    "index": 48
  },
  {
    "name": "Require(38) /Users/wangkai/wangkai/qf/b-hooks/react-project-server/node_modules/egg-multipart/app.js",
    "start": 1667912113383,
    "end": 1667912113383,
    "duration": 0,
    "pid": 80765,
    "index": 49
  },
  {
    "name": "Require(39) /Users/wangkai/wangkai/qf/b-hooks/react-project-server/node_modules/egg-static/app.js",
    "start": 1667912113383,
    "end": 1667912113384,
    "duration": 1,
    "pid": 80765,
    "index": 50
  },
  {
    "name": "Require(40) /Users/wangkai/wangkai/qf/b-hooks/react-project-server/node_modules/midway-schedule/app.js",
    "start": 1667912113384,
    "end": 1667912113384,
    "duration": 0,
    "pid": 80765,
    "index": 51
  },
  {
    "name": "Require(41) /Users/wangkai/wangkai/qf/b-hooks/react-project-server/node_modules/egg-mock/app.js",
    "start": 1667912113384,
    "end": 1667912113384,
    "duration": 0,
    "pid": 80765,
    "index": 52
  },
  {
    "name": "Require(42) /Users/wangkai/wangkai/qf/b-hooks/react-project-server/node_modules/@midwayjs/web/app.js",
    "start": 1667912113385,
    "end": 1667912113386,
    "duration": 1,
    "pid": 80765,
    "index": 53
  },
  {
    "name": "Did Load in /Users/wangkai/wangkai/qf/b-hooks/react-project-server/node_modules/@midwayjs/web/app.js:didLoad",
    "start": 1667912113393,
    "end": 1667912113450,
    "duration": 57,
    "pid": 80765,
    "index": 54
  },
  {
    "name": "Load Service",
    "start": 1667912113393,
    "end": 1667912113396,
    "duration": 3,
    "pid": 80765,
    "index": 55
  },
  {
    "name": "Load \"service\" to Context",
    "start": 1667912113393,
    "end": 1667912113396,
    "duration": 3,
    "pid": 80765,
    "index": 56
  },
  {
    "name": "Load Middleware",
    "start": 1667912113396,
    "end": 1667912113448,
    "duration": 52,
    "pid": 80765,
    "index": 57
  },
  {
    "name": "Load \"middlewares\" to Application",
    "start": 1667912113396,
    "end": 1667912113448,
    "duration": 52,
    "pid": 80765,
    "index": 58
  },
  {
    "name": "Load Controller",
    "start": 1667912113449,
    "end": 1667912113449,
    "duration": 0,
    "pid": 80765,
    "index": 59
  },
  {
    "name": "Load \"controller\" to Application",
    "start": 1667912113449,
    "end": 1667912113449,
    "duration": 0,
    "pid": 80765,
    "index": 60
  },
  {
    "name": "Load Router",
    "start": 1667912113449,
    "end": 1667912113449,
    "duration": 0,
    "pid": 80765,
    "index": 61
  },
  {
    "name": "Will Ready in /Users/wangkai/wangkai/qf/b-hooks/react-project-server/node_modules/@midwayjs/web/app.js:willReady",
    "start": 1667912113450,
    "end": 1667912113959,
    "duration": 509,
    "pid": 80765,
    "index": 62
  }
]