[
  {
    "name": "Process Start",
    "start": 1666700810878,
    "end": 1666700813176,
    "duration": 2298,
    "pid": 53961,
    "index": 0
  },
  {
    "name": "Application Start",
    "start": 1666700813176,
    "end": 1666700813424,
    "duration": 248,
    "pid": 53961,
    "index": 1
  },
  {
    "name": "Load Plugin",
    "start": 1666700813176,
    "end": 1666700813177,
    "duration": 1,
    "pid": 53961,
    "index": 2
  },
  {
    "name": "Load Config",
    "start": 1666700813177,
    "end": 1666700813181,
    "duration": 4,
    "pid": 53961,
    "index": 3
  },
  {
    "name": "Require(0) config/config.default.ts",
    "start": 1666700813177,
    "end": 1666700813177,
    "duration": 0,
    "pid": 53961,
    "index": 4
  },
  {
    "name": "Require(1) config/config.local.ts",
    "start": 1666700813178,
    "end": 1666700813178,
    "duration": 0,
    "pid": 53961,
    "index": 5
  },
  {
    "name": "Require(2) /Users/wangkai/wangkai/qf/b-hooks/react-project-server/node_modules/egg-session/config/config.default.js",
    "start": 1666700813178,
    "end": 1666700813178,
    "duration": 0,
    "pid": 53961,
    "index": 6
  },
  {
    "name": "Require(3) /Users/wangkai/wangkai/qf/b-hooks/react-project-server/node_modules/egg-security/config/config.default.js",
    "start": 1666700813178,
    "end": 1666700813178,
    "duration": 0,
    "pid": 53961,
    "index": 7
  },
  {
    "name": "Require(4) /Users/wangkai/wangkai/qf/b-hooks/react-project-server/node_modules/egg-jsonp/config/config.default.js",
    "start": 1666700813178,
    "end": 1666700813178,
    "duration": 0,
    "pid": 53961,
    "index": 8
  },
  {
    "name": "Require(5) /Users/wangkai/wangkai/qf/b-hooks/react-project-server/node_modules/egg-onerror/config/config.default.js",
    "start": 1666700813179,
    "end": 1666700813179,
    "duration": 0,
    "pid": 53961,
    "index": 9
  },
  {
    "name": "Require(6) /Users/wangkai/wangkai/qf/b-hooks/react-project-server/node_modules/egg-i18n/config/config.default.js",
    "start": 1666700813179,
    "end": 1666700813179,
    "duration": 0,
    "pid": 53961,
    "index": 10
  },
  {
    "name": "Require(7) /Users/wangkai/wangkai/qf/b-hooks/react-project-server/node_modules/egg-schedule/config/config.default.js",
    "start": 1666700813179,
    "end": 1666700813179,
    "duration": 0,
    "pid": 53961,
    "index": 11
  },
  {
    "name": "Require(8) /Users/wangkai/wangkai/qf/b-hooks/react-project-server/node_modules/egg-multipart/config/config.default.js",
    "start": 1666700813179,
    "end": 1666700813179,
    "duration": 0,
    "pid": 53961,
    "index": 12
  },
  {
    "name": "Require(9) /Users/wangkai/wangkai/qf/b-hooks/react-project-server/node_modules/egg-static/config/config.default.js",
    "start": 1666700813179,
    "end": 1666700813179,
    "duration": 0,
    "pid": 53961,
    "index": 13
  },
  {
    "name": "Require(10) /Users/wangkai/wangkai/qf/b-hooks/react-project-server/node_modules/egg/config/config.default.js",
    "start": 1666700813179,
    "end": 1666700813179,
    "duration": 0,
    "pid": 53961,
    "index": 14
  },
  {
    "name": "Require(11) /Users/wangkai/wangkai/qf/b-hooks/react-project-server/node_modules/@midwayjs/web/config/config.default.js",
    "start": 1666700813179,
    "end": 1666700813179,
    "duration": 0,
    "pid": 53961,
    "index": 15
  },
  {
    "name": "Require(12) config/config.default.ts",
    "start": 1666700813180,
    "end": 1666700813180,
    "duration": 0,
    "pid": 53961,
    "index": 16
  },
  {
    "name": "Require(13) /Users/wangkai/wangkai/qf/b-hooks/react-project-server/node_modules/egg-security/config/config.local.js",
    "start": 1666700813180,
    "end": 1666700813180,
    "duration": 0,
    "pid": 53961,
    "index": 17
  },
  {
    "name": "Require(14) /Users/wangkai/wangkai/qf/b-hooks/react-project-server/node_modules/egg/config/config.local.js",
    "start": 1666700813180,
    "end": 1666700813180,
    "duration": 0,
    "pid": 53961,
    "index": 18
  },
  {
    "name": "Require(15) config/config.local.ts",
    "start": 1666700813180,
    "end": 1666700813180,
    "duration": 0,
    "pid": 53961,
    "index": 19
  },
  {
    "name": "Before Start in node_modules/@midwayjs/web/dist/framework/web.js:45:22",
    "start": 1666700813181,
    "end": 1666700813291,
    "duration": 110,
    "pid": 53961,
    "index": 20
  },
  {
    "name": "Load extend/application.js",
    "start": 1666700813187,
    "end": 1666700813196,
    "duration": 9,
    "pid": 53961,
    "index": 21
  },
  {
    "name": "Require(16) /Users/wangkai/wangkai/qf/b-hooks/react-project-server/node_modules/egg-session/app/extend/application.js",
    "start": 1666700813187,
    "end": 1666700813188,
    "duration": 1,
    "pid": 53961,
    "index": 22
  },
  {
    "name": "Require(17) /Users/wangkai/wangkai/qf/b-hooks/react-project-server/node_modules/egg-security/app/extend/application.js",
    "start": 1666700813188,
    "end": 1666700813189,
    "duration": 1,
    "pid": 53961,
    "index": 23
  },
  {
    "name": "Require(18) /Users/wangkai/wangkai/qf/b-hooks/react-project-server/node_modules/egg-jsonp/app/extend/application.js",
    "start": 1666700813189,
    "end": 1666700813190,
    "duration": 1,
    "pid": 53961,
    "index": 24
  },
  {
    "name": "Require(19) /Users/wangkai/wangkai/qf/b-hooks/react-project-server/node_modules/egg-schedule/app/extend/application.js",
    "start": 1666700813190,
    "end": 1666700813191,
    "duration": 1,
    "pid": 53961,
    "index": 25
  },
  {
    "name": "Require(20) /Users/wangkai/wangkai/qf/b-hooks/react-project-server/node_modules/egg-mock/app/extend/application.js",
    "start": 1666700813191,
    "end": 1666700813193,
    "duration": 2,
    "pid": 53961,
    "index": 26
  },
  {
    "name": "Require(21) /Users/wangkai/wangkai/qf/b-hooks/react-project-server/node_modules/@midwayjs/mock/app/extend/application.js",
    "start": 1666700813194,
    "end": 1666700813195,
    "duration": 1,
    "pid": 53961,
    "index": 27
  },
  {
    "name": "Require(22) /Users/wangkai/wangkai/qf/b-hooks/react-project-server/node_modules/@midwayjs/web/app/extend/application.js",
    "start": 1666700813195,
    "end": 1666700813195,
    "duration": 0,
    "pid": 53961,
    "index": 28
  },
  {
    "name": "Load extend/request.js",
    "start": 1666700813196,
    "end": 1666700813197,
    "duration": 1,
    "pid": 53961,
    "index": 29
  },
  {
    "name": "Require(23) /Users/wangkai/wangkai/qf/b-hooks/react-project-server/node_modules/egg/app/extend/request.js",
    "start": 1666700813196,
    "end": 1666700813197,
    "duration": 1,
    "pid": 53961,
    "index": 30
  },
  {
    "name": "Load extend/response.js",
    "start": 1666700813197,
    "end": 1666700813199,
    "duration": 2,
    "pid": 53961,
    "index": 31
  },
  {
    "name": "Require(24) /Users/wangkai/wangkai/qf/b-hooks/react-project-server/node_modules/egg/app/extend/response.js",
    "start": 1666700813197,
    "end": 1666700813199,
    "duration": 2,
    "pid": 53961,
    "index": 32
  },
  {
    "name": "Load extend/context.js",
    "start": 1666700813199,
    "end": 1666700813200,
    "duration": 1,
    "pid": 53961,
    "index": 33
  },
  {
    "name": "Require(25) /Users/wangkai/wangkai/qf/b-hooks/react-project-server/node_modules/egg-security/app/extend/context.js",
    "start": 1666700813199,
    "end": 1666700813199,
    "duration": 0,
    "pid": 53961,
    "index": 34
  },
  {
    "name": "Require(26) /Users/wangkai/wangkai/qf/b-hooks/react-project-server/node_modules/egg-jsonp/app/extend/context.js",
    "start": 1666700813199,
    "end": 1666700813199,
    "duration": 0,
    "pid": 53961,
    "index": 35
  },
  {
    "name": "Require(27) /Users/wangkai/wangkai/qf/b-hooks/react-project-server/node_modules/egg-i18n/app/extend/context.js",
    "start": 1666700813199,
    "end": 1666700813199,
    "duration": 0,
    "pid": 53961,
    "index": 36
  },
  {
    "name": "Require(28) /Users/wangkai/wangkai/qf/b-hooks/react-project-server/node_modules/egg-multipart/app/extend/context.js",
    "start": 1666700813199,
    "end": 1666700813199,
    "duration": 0,
    "pid": 53961,
    "index": 37
  },
  {
    "name": "Require(29) /Users/wangkai/wangkai/qf/b-hooks/react-project-server/node_modules/egg/app/extend/context.js",
    "start": 1666700813199,
    "end": 1666700813199,
    "duration": 0,
    "pid": 53961,
    "index": 38
  },
  {
    "name": "Require(30) /Users/wangkai/wangkai/qf/b-hooks/react-project-server/node_modules/@midwayjs/web/app/extend/context.js",
    "start": 1666700813200,
    "end": 1666700813200,
    "duration": 0,
    "pid": 53961,
    "index": 39
  },
  {
    "name": "Load extend/helper.js",
    "start": 1666700813200,
    "end": 1666700813211,
    "duration": 11,
    "pid": 53961,
    "index": 40
  },
  {
    "name": "Require(31) /Users/wangkai/wangkai/qf/b-hooks/react-project-server/node_modules/egg-security/app/extend/helper.js",
    "start": 1666700813200,
    "end": 1666700813210,
    "duration": 10,
    "pid": 53961,
    "index": 41
  },
  {
    "name": "Require(32) /Users/wangkai/wangkai/qf/b-hooks/react-project-server/node_modules/egg/app/extend/helper.js",
    "start": 1666700813210,
    "end": 1666700813211,
    "duration": 1,
    "pid": 53961,
    "index": 42
  },
  {
    "name": "Load app.js",
    "start": 1666700813211,
    "end": 1666700813232,
    "duration": 21,
    "pid": 53961,
    "index": 43
  },
  {
    "name": "Require(33) /Users/wangkai/wangkai/qf/b-hooks/react-project-server/node_modules/egg-session/app.js",
    "start": 1666700813212,
    "end": 1666700813212,
    "duration": 0,
    "pid": 53961,
    "index": 44
  },
  {
    "name": "Require(34) /Users/wangkai/wangkai/qf/b-hooks/react-project-server/node_modules/egg-security/app.js",
    "start": 1666700813212,
    "end": 1666700813213,
    "duration": 1,
    "pid": 53961,
    "index": 45
  },
  {
    "name": "Require(35) /Users/wangkai/wangkai/qf/b-hooks/react-project-server/node_modules/egg-onerror/app.js",
    "start": 1666700813213,
    "end": 1666700813218,
    "duration": 5,
    "pid": 53961,
    "index": 46
  },
  {
    "name": "Require(36) /Users/wangkai/wangkai/qf/b-hooks/react-project-server/node_modules/egg-i18n/app.js",
    "start": 1666700813218,
    "end": 1666700813226,
    "duration": 8,
    "pid": 53961,
    "index": 47
  },
  {
    "name": "Require(37) /Users/wangkai/wangkai/qf/b-hooks/react-project-server/node_modules/egg-schedule/app.js",
    "start": 1666700813226,
    "end": 1666700813227,
    "duration": 1,
    "pid": 53961,
    "index": 48
  },
  {
    "name": "Require(38) /Users/wangkai/wangkai/qf/b-hooks/react-project-server/node_modules/egg-multipart/app.js",
    "start": 1666700813227,
    "end": 1666700813227,
    "duration": 0,
    "pid": 53961,
    "index": 49
  },
  {
    "name": "Require(39) /Users/wangkai/wangkai/qf/b-hooks/react-project-server/node_modules/egg-static/app.js",
    "start": 1666700813227,
    "end": 1666700813228,
    "duration": 1,
    "pid": 53961,
    "index": 50
  },
  {
    "name": "Require(40) /Users/wangkai/wangkai/qf/b-hooks/react-project-server/node_modules/midway-schedule/app.js",
    "start": 1666700813228,
    "end": 1666700813229,
    "duration": 1,
    "pid": 53961,
    "index": 51
  },
  {
    "name": "Require(41) /Users/wangkai/wangkai/qf/b-hooks/react-project-server/node_modules/egg-mock/app.js",
    "start": 1666700813230,
    "end": 1666700813231,
    "duration": 1,
    "pid": 53961,
    "index": 52
  },
  {
    "name": "Require(42) /Users/wangkai/wangkai/qf/b-hooks/react-project-server/node_modules/@midwayjs/web/app.js",
    "start": 1666700813231,
    "end": 1666700813232,
    "duration": 1,
    "pid": 53961,
    "index": 53
  },
  {
    "name": "Did Load in /Users/wangkai/wangkai/qf/b-hooks/react-project-server/node_modules/@midwayjs/web/app.js:didLoad",
    "start": 1666700813237,
    "end": 1666700813291,
    "duration": 54,
    "pid": 53961,
    "index": 54
  },
  {
    "name": "Load Service",
    "start": 1666700813237,
    "end": 1666700813239,
    "duration": 2,
    "pid": 53961,
    "index": 55
  },
  {
    "name": "Load \"service\" to Context",
    "start": 1666700813237,
    "end": 1666700813239,
    "duration": 2,
    "pid": 53961,
    "index": 56
  },
  {
    "name": "Load Middleware",
    "start": 1666700813239,
    "end": 1666700813291,
    "duration": 52,
    "pid": 53961,
    "index": 57
  },
  {
    "name": "Load \"middlewares\" to Application",
    "start": 1666700813239,
    "end": 1666700813291,
    "duration": 52,
    "pid": 53961,
    "index": 58
  },
  {
    "name": "Load Controller",
    "start": 1666700813291,
    "end": 1666700813291,
    "duration": 0,
    "pid": 53961,
    "index": 59
  },
  {
    "name": "Load \"controller\" to Application",
    "start": 1666700813291,
    "end": 1666700813291,
    "duration": 0,
    "pid": 53961,
    "index": 60
  },
  {
    "name": "Load Router",
    "start": 1666700813291,
    "end": 1666700813291,
    "duration": 0,
    "pid": 53961,
    "index": 61
  },
  {
    "name": "Will Ready in /Users/wangkai/wangkai/qf/b-hooks/react-project-server/node_modules/@midwayjs/web/app.js:willReady",
    "start": 1666700813292,
    "end": 1666700813420,
    "duration": 128,
    "pid": 53961,
    "index": 62
  }
]