{
  "config": {
    "view": {
      "root": [
        "/Users/wangkai/wangkai/qf/b-hooks/react-project-server/src/app/view"
      ],
      "cache": false,
      "defaultExtension": ".html",
      "defaultViewEngine": "nunjucks",
      "mapping": {
        ".html": "nunjucks"
      }
    },
    "nunjucks": {
      "autoescape": true,
      "throwOnUndefined": false,
      "trimBlocks": false,
      "lstripBlocks": false,
      "noCache": true
    },
    "orm": {
      "type": "mysql",
      "host": "127.0.0.1",
      "port": 3306,
      "username": "root",
      "password": "<String len: 6>",
      "database": "qf-local",
      "synchronize": true,
      "logging": true,
      "charset": "utf8mb4",
      "driver": {
        "createConnection": "<Function anonymous>",
        "connect": "<Function anonymous>",
        "Connection": "<Class Connection>",
        "createPool": "<Function anonymous>",
        "createPoolCluster": "<Function anonymous>",
        "createQuery": "<Function createQuery>",
        "Pool": "<Class Pool>",
        "PoolCluster": "<Class PoolCluster>",
        "createServer": "<Function anonymous>",
        "PoolConnection": "<Class PoolConnection>",
        "escape": "<Function escape>",
        "escapeId": "<Function escapeId>",
        "format": "<Function format>",
        "raw": "<Function raw>",
        "createConnectionPromise": "<Function createConnection>",
        "createPoolPromise": "<Function createPool>",
        "createPoolClusterPromise": "<Function createPoolCluster>",
        "Types": {
          "DECIMAL": 0,
          "TINY": 1,
          "SHORT": 2,
          "LONG": 3,
          "FLOAT": 4,
          "DOUBLE": 5,
          "NULL": 6,
          "TIMESTAMP": 7,
          "LONGLONG": 8,
          "INT24": 9,
          "DATE": 10,
          "TIME": 11,
          "DATETIME": 12,
          "YEAR": 13,
          "NEWDATE": 14,
          "VARCHAR": 15,
          "BIT": 16,
          "JSON": 245,
          "NEWDECIMAL": 246,
          "ENUM": 247,
          "SET": 248,
          "TINY_BLOB": 249,
          "MEDIUM_BLOB": 250,
          "LONG_BLOB": 251,
          "BLOB": 252,
          "VAR_STRING": 253,
          "STRING": 254,
          "GEOMETRY": 255
        },
        "Charsets": {
          "BIG5_CHINESE_CI": 1,
          "LATIN2_CZECH_CS": 2,
          "DEC8_SWEDISH_CI": 3,
          "CP850_GENERAL_CI": 4,
          "LATIN1_GERMAN1_CI": 5,
          "HP8_ENGLISH_CI": 6,
          "KOI8R_GENERAL_CI": 7,
          "LATIN1_SWEDISH_CI": 8,
          "LATIN2_GENERAL_CI": 9,
          "SWE7_SWEDISH_CI": 10,
          "ASCII_GENERAL_CI": 11,
          "UJIS_JAPANESE_CI": 12,
          "SJIS_JAPANESE_CI": 13,
          "CP1251_BULGARIAN_CI": 14,
          "LATIN1_DANISH_CI": 15,
          "HEBREW_GENERAL_CI": 16,
          "TIS620_THAI_CI": 18,
          "EUCKR_KOREAN_CI": 19,
          "LATIN7_ESTONIAN_CS": 20,
          "LATIN2_HUNGARIAN_CI": 21,
          "KOI8U_GENERAL_CI": 22,
          "CP1251_UKRAINIAN_CI": 23,
          "GB2312_CHINESE_CI": 24,
          "GREEK_GENERAL_CI": 25,
          "CP1250_GENERAL_CI": 26,
          "LATIN2_CROATIAN_CI": 27,
          "GBK_CHINESE_CI": 28,
          "CP1257_LITHUANIAN_CI": 29,
          "LATIN5_TURKISH_CI": 30,
          "LATIN1_GERMAN2_CI": 31,
          "ARMSCII8_GENERAL_CI": 32,
          "UTF8_GENERAL_CI": 33,
          "CP1250_CZECH_CS": 34,
          "UCS2_GENERAL_CI": 35,
          "CP866_GENERAL_CI": 36,
          "KEYBCS2_GENERAL_CI": 37,
          "MACCE_GENERAL_CI": 38,
          "MACROMAN_GENERAL_CI": 39,
          "CP852_GENERAL_CI": 40,
          "LATIN7_GENERAL_CI": 41,
          "LATIN7_GENERAL_CS": 42,
          "MACCE_BIN": 43,
          "CP1250_CROATIAN_CI": 44,
          "UTF8MB4_GENERAL_CI": 45,
          "UTF8MB4_BIN": 46,
          "LATIN1_BIN": 47,
          "LATIN1_GENERAL_CI": 48,
          "LATIN1_GENERAL_CS": 49,
          "CP1251_BIN": 50,
          "CP1251_GENERAL_CI": 51,
          "CP1251_GENERAL_CS": 52,
          "MACROMAN_BIN": 53,
          "UTF16_GENERAL_CI": 54,
          "UTF16_BIN": 55,
          "UTF16LE_GENERAL_CI": 56,
          "CP1256_GENERAL_CI": 57,
          "CP1257_BIN": 58,
          "CP1257_GENERAL_CI": 59,
          "UTF32_GENERAL_CI": 60,
          "UTF32_BIN": 61,
          "UTF16LE_BIN": 62,
          "BINARY": 63,
          "ARMSCII8_BIN": 64,
          "ASCII_BIN": 65,
          "CP1250_BIN": 66,
          "CP1256_BIN": 67,
          "CP866_BIN": 68,
          "DEC8_BIN": 69,
          "GREEK_BIN": 70,
          "HEBREW_BIN": 71,
          "HP8_BIN": 72,
          "KEYBCS2_BIN": 73,
          "KOI8R_BIN": 74,
          "KOI8U_BIN": 75,
          "UTF8_TOLOWER_CI": 76,
          "LATIN2_BIN": 77,
          "LATIN5_BIN": 78,
          "LATIN7_BIN": 79,
          "CP850_BIN": 80,
          "CP852_BIN": 81,
          "SWE7_BIN": 82,
          "UTF8_BIN": 83,
          "BIG5_BIN": 84,
          "EUCKR_BIN": 85,
          "GB2312_BIN": 86,
          "GBK_BIN": 87,
          "SJIS_BIN": 88,
          "TIS620_BIN": 89,
          "UCS2_BIN": 90,
          "UJIS_BIN": 91,
          "GEOSTD8_GENERAL_CI": 92,
          "GEOSTD8_BIN": 93,
          "LATIN1_SPANISH_CI": 94,
          "CP932_JAPANESE_CI": 95,
          "CP932_BIN": 96,
          "EUCJPMS_JAPANESE_CI": 97,
          "EUCJPMS_BIN": 98,
          "CP1250_POLISH_CI": 99,
          "UTF16_UNICODE_CI": 101,
          "UTF16_ICELANDIC_CI": 102,
          "UTF16_LATVIAN_CI": 103,
          "UTF16_ROMANIAN_CI": 104,
          "UTF16_SLOVENIAN_CI": 105,
          "UTF16_POLISH_CI": 106,
          "UTF16_ESTONIAN_CI": 107,
          "UTF16_SPANISH_CI": 108,
          "UTF16_SWEDISH_CI": 109,
          "UTF16_TURKISH_CI": 110,
          "UTF16_CZECH_CI": 111,
          "UTF16_DANISH_CI": 112,
          "UTF16_LITHUANIAN_CI": 113,
          "UTF16_SLOVAK_CI": 114,
          "UTF16_SPANISH2_CI": 115,
          "UTF16_ROMAN_CI": 116,
          "UTF16_PERSIAN_CI": 117,
          "UTF16_ESPERANTO_CI": 118,
          "UTF16_HUNGARIAN_CI": 119,
          "UTF16_SINHALA_CI": 120,
          "UTF16_GERMAN2_CI": 121,
          "UTF16_CROATIAN_CI": 122,
          "UTF16_UNICODE_520_CI": 123,
          "UTF16_VIETNAMESE_CI": 124,
          "UCS2_UNICODE_CI": 128,
          "UCS2_ICELANDIC_CI": 129,
          "UCS2_LATVIAN_CI": 130,
          "UCS2_ROMANIAN_CI": 131,
          "UCS2_SLOVENIAN_CI": 132,
          "UCS2_POLISH_CI": 133,
          "UCS2_ESTONIAN_CI": 134,
          "UCS2_SPANISH_CI": 135,
          "UCS2_SWEDISH_CI": 136,
          "UCS2_TURKISH_CI": 137,
          "UCS2_CZECH_CI": 138,
          "UCS2_DANISH_CI": 139,
          "UCS2_LITHUANIAN_CI": 140,
          "UCS2_SLOVAK_CI": 141,
          "UCS2_SPANISH2_CI": 142,
          "UCS2_ROMAN_CI": 143,
          "UCS2_PERSIAN_CI": 144,
          "UCS2_ESPERANTO_CI": 145,
          "UCS2_HUNGARIAN_CI": 146,
          "UCS2_SINHALA_CI": 147,
          "UCS2_GERMAN2_CI": 148,
          "UCS2_CROATIAN_CI": 149,
          "UCS2_UNICODE_520_CI": 150,
          "UCS2_VIETNAMESE_CI": 151,
          "UCS2_GENERAL_MYSQL500_CI": 159,
          "UTF32_UNICODE_CI": 160,
          "UTF32_ICELANDIC_CI": 161,
          "UTF32_LATVIAN_CI": 162,
          "UTF32_ROMANIAN_CI": 163,
          "UTF32_SLOVENIAN_CI": 164,
          "UTF32_POLISH_CI": 165,
          "UTF32_ESTONIAN_CI": 166,
          "UTF32_SPANISH_CI": 167,
          "UTF32_SWEDISH_CI": 168,
          "UTF32_TURKISH_CI": 169,
          "UTF32_CZECH_CI": 170,
          "UTF32_DANISH_CI": 171,
          "UTF32_LITHUANIAN_CI": 172,
          "UTF32_SLOVAK_CI": 173,
          "UTF32_SPANISH2_CI": 174,
          "UTF32_ROMAN_CI": 175,
          "UTF32_PERSIAN_CI": 176,
          "UTF32_ESPERANTO_CI": 177,
          "UTF32_HUNGARIAN_CI": 178,
          "UTF32_SINHALA_CI": 179,
          "UTF32_GERMAN2_CI": 180,
          "UTF32_CROATIAN_CI": 181,
          "UTF32_UNICODE_520_CI": 182,
          "UTF32_VIETNAMESE_CI": 183,
          "UTF8_UNICODE_CI": 192,
          "UTF8_ICELANDIC_CI": 193,
          "UTF8_LATVIAN_CI": 194,
          "UTF8_ROMANIAN_CI": 195,
          "UTF8_SLOVENIAN_CI": 196,
          "UTF8_POLISH_CI": 197,
          "UTF8_ESTONIAN_CI": 198,
          "UTF8_SPANISH_CI": 199,
          "UTF8_SWEDISH_CI": 200,
          "UTF8_TURKISH_CI": 201,
          "UTF8_CZECH_CI": 202,
          "UTF8_DANISH_CI": 203,
          "UTF8_LITHUANIAN_CI": 204,
          "UTF8_SLOVAK_CI": 205,
          "UTF8_SPANISH2_CI": 206,
          "UTF8_ROMAN_CI": 207,
          "UTF8_PERSIAN_CI": 208,
          "UTF8_ESPERANTO_CI": 209,
          "UTF8_HUNGARIAN_CI": 210,
          "UTF8_SINHALA_CI": 211,
          "UTF8_GERMAN2_CI": 212,
          "UTF8_CROATIAN_CI": 213,
          "UTF8_UNICODE_520_CI": 214,
          "UTF8_VIETNAMESE_CI": 215,
          "UTF8_GENERAL_MYSQL500_CI": 223,
          "UTF8MB4_UNICODE_CI": 224,
          "UTF8MB4_ICELANDIC_CI": 225,
          "UTF8MB4_LATVIAN_CI": 226,
          "UTF8MB4_ROMANIAN_CI": 227,
          "UTF8MB4_SLOVENIAN_CI": 228,
          "UTF8MB4_POLISH_CI": 229,
          "UTF8MB4_ESTONIAN_CI": 230,
          "UTF8MB4_SPANISH_CI": 231,
          "UTF8MB4_SWEDISH_CI": 232,
          "UTF8MB4_TURKISH_CI": 233,
          "UTF8MB4_CZECH_CI": 234,
          "UTF8MB4_DANISH_CI": 235,
          "UTF8MB4_LITHUANIAN_CI": 236,
          "UTF8MB4_SLOVAK_CI": 237,
          "UTF8MB4_SPANISH2_CI": 238,
          "UTF8MB4_ROMAN_CI": 239,
          "UTF8MB4_PERSIAN_CI": 240,
          "UTF8MB4_ESPERANTO_CI": 241,
          "UTF8MB4_HUNGARIAN_CI": 242,
          "UTF8MB4_SINHALA_CI": 243,
          "UTF8MB4_GERMAN2_CI": 244,
          "UTF8MB4_CROATIAN_CI": 245,
          "UTF8MB4_UNICODE_520_CI": 246,
          "UTF8MB4_VIETNAMESE_CI": 247,
          "GB18030_CHINESE_CI": 248,
          "GB18030_BIN": 249,
          "GB18030_UNICODE_520_CI": 250,
          "UTF8_GENERAL50_CI": 253,
          "UTF8MB4_0900_AI_CI": 255,
          "UTF8MB4_CS_0900_AI_CI": 266,
          "UTF8MB4_DA_0900_AI_CI": 267,
          "UTF8MB4_DE_PB_0900_AI_CI": 256,
          "UTF8MB4_EO_0900_AI_CI": 273,
          "UTF8MB4_ES_0900_AI_CI": 263,
          "UTF8MB4_ES_TRAD_0900_AI_CI": 270,
          "UTF8MB4_ET_0900_AI_CI": 262,
          "UTF8MB4_HR_0900_AI_CI": 275,
          "UTF8MB4_HU_0900_AI_CI": 274,
          "UTF8MB4_IS_0900_AI_CI": 257,
          "UTF8MB4_LA_0900_AI_CI": 271,
          "UTF8MB4_LT_0900_AI_CI": 268,
          "UTF8MB4_LV_0900_AI_CI": 258,
          "UTF8MB4_PL_0900_AI_CI": 261,
          "UTF8MB4_RO_0900_AI_CI": 259,
          "UTF8MB4_SK_0900_AI_CI": 269,
          "UTF8MB4_SL_0900_AI_CI": 260,
          "UTF8MB4_SV_0900_AI_CI": 264,
          "UTF8MB4_TR_0900_AI_CI": 265,
          "UTF8MB4_VI_0900_AI_CI": 277,
          "BIG5": 1,
          "DEC8": 3,
          "CP850": 4,
          "HP8": 6,
          "KOI8R": 7,
          "LATIN1": 8,
          "LATIN2": 9,
          "SWE7": 10,
          "ASCII": 11,
          "UJIS": 12,
          "SJIS": 13,
          "HEBREW": 16,
          "TIS620": 18,
          "EUCKR": 19,
          "KOI8U": 22,
          "GB2312": 24,
          "GREEK": 25,
          "CP1250": 26,
          "GBK": 28,
          "LATIN5": 30,
          "ARMSCII8": 32,
          "UTF8": 33,
          "UCS2": 35,
          "CP866": 36,
          "KEYBCS2": 37,
          "MACCE": 38,
          "MACROMAN": 39,
          "CP852": 40,
          "LATIN7": 41,
          "UTF8MB4": 45,
          "CP1251": 51,
          "UTF16": 54,
          "UTF16LE": 56,
          "CP1256": 57,
          "CP1257": 59,
          "UTF32": 60,
          "CP932": 95,
          "EUCJPMS": 97,
          "GB18030": 248,
          "GEOSTD8": 92
        },
        "CharsetToEncoding": [
          "utf8",
          "big5",
          "latin2",
          "dec8",
          "cp850",
          "latin1",
          "hp8",
          "koi8r",
          "latin1",
          "latin2",
          "swe7",
          "ascii",
          "eucjp",
          "sjis",
          "cp1251",
          "latin1",
          "hebrew",
          "utf8",
          "tis620",
          "euckr",
          "latin7",
          "latin2",
          "koi8u",
          "cp1251",
          "gb2312",
          "greek",
          "cp1250",
          "latin2",
          "gbk",
          "cp1257",
          "latin5",
          "latin1",
          "armscii8",
          "cesu8",
          "cp1250",
          "ucs2",
          "cp866",
          "keybcs2",
          "macintosh",
          "macroman",
          "cp852",
          "latin7",
          "latin7",
          "macintosh",
          "cp1250",
          "utf8",
          "utf8",
          "latin1",
          "latin1",
          "latin1",
          "cp1251",
          "cp1251",
          "cp1251",
          "macroman",
          "utf16",
          "utf16",
          "utf16-le",
          "cp1256",
          "cp1257",
          "cp1257",
          "utf32",
          "utf32",
          "utf16-le",
          "binary",
          "armscii8",
          "ascii",
          "cp1250",
          "cp1256",
          "cp866",
          "dec8",
          "greek",
          "hebrew",
          "hp8",
          "keybcs2",
          "koi8r",
          "koi8u",
          "cesu8",
          "latin2",
          "latin5",
          "latin7",
          "cp850",
          "cp852",
          "swe7",
          "cesu8",
          "big5",
          "euckr",
          "gb2312",
          "gbk",
          "sjis",
          "tis620",
          "ucs2",
          "eucjp",
          "geostd8",
          "geostd8",
          "latin1",
          "cp932",
          "cp932",
          "eucjpms",
          "eucjpms",
          "cp1250",
          "utf8",
          "utf16",
          "utf16",
          "utf16",
          "utf16",
          "utf16",
          "utf16",
          "utf16",
          "utf16",
          "utf16",
          "utf16",
          "utf16",
          "utf16",
          "utf16",
          "utf16",
          "utf16",
          "utf16",
          "utf16",
          "utf16",
          "utf16",
          "utf16",
          "utf16",
          "utf16",
          "utf16",
          "utf16",
          "utf8",
          "utf8",
          "utf8",
          "ucs2",
          "ucs2",
          "ucs2",
          "ucs2",
          "ucs2",
          "ucs2",
          "ucs2",
          "ucs2",
          "ucs2",
          "ucs2",
          "ucs2",
          "ucs2",
          "ucs2",
          "ucs2",
          "ucs2",
          "ucs2",
          "ucs2",
          "ucs2",
          "ucs2",
          "ucs2",
          "ucs2",
          "ucs2",
          "ucs2",
          "ucs2",
          "utf8",
          "utf8",
          "utf8",
          "utf8",
          "utf8",
          "utf8",
          "utf8",
          "ucs2",
          "utf32",
          "utf32",
          "utf32",
          "utf32",
          "utf32",
          "utf32",
          "utf32",
          "utf32",
          "utf32",
          "utf32",
          "utf32",
          "utf32",
          "utf32",
          "utf32",
          "utf32",
          "utf32",
          "utf32",
          "utf32",
          "utf32",
          "utf32",
          "utf32",
          "utf32",
          "utf32",
          "utf32",
          "utf8",
          "utf8",
          "utf8",
          "utf8",
          "utf8",
          "utf8",
          "utf8",
          "utf8",
          "cesu8",
          "cesu8",
          "cesu8",
          "cesu8",
          "cesu8",
          "cesu8",
          "cesu8",
          "cesu8",
          "cesu8",
          "cesu8",
          "cesu8",
          "cesu8",
          "cesu8",
          "cesu8",
          "cesu8",
          "cesu8",
          "cesu8",
          "cesu8",
          "cesu8",
          "cesu8",
          "cesu8",
          "cesu8",
          "cesu8",
          "cesu8",
          "utf8",
          "utf8",
          "utf8",
          "utf8",
          "utf8",
          "utf8",
          "utf8",
          "cesu8",
          "utf8",
          "utf8",
          "utf8",
          "utf8",
          "utf8",
          "utf8",
          "utf8",
          "utf8",
          "utf8",
          "utf8",
          "utf8",
          "utf8",
          "utf8",
          "utf8",
          "utf8",
          "utf8",
          "utf8",
          "utf8",
          "utf8",
          "utf8",
          "utf8",
          "utf8",
          "utf8",
          "utf8",
          "gb18030",
          "gb18030",
          "gb18030",
          "utf8",
          "utf8",
          "utf8",
          "utf8",
          "utf8",
          "utf8",
          "utf8",
          "utf8",
          "utf8",
          "utf8",
          "utf8",
          "utf8",
          "utf8",
          "utf8",
          "utf8",
          "utf8",
          "utf8",
          "utf8",
          "utf8",
          "utf8",
          "utf8",
          "utf8",
          "utf8",
          "utf8",
          "utf8",
          "utf8",
          "utf8",
          "utf8",
          "utf8",
          "utf8",
          "utf8",
          "utf8",
          "utf8",
          "utf8",
          "utf8",
          "utf8",
          "utf8",
          "utf8",
          "utf8",
          "utf8",
          "utf8",
          "utf8",
          "utf8",
          "utf8",
          "utf8",
          "utf8",
          "utf8",
          "utf8",
          "utf8",
          "utf8",
          "utf8",
          "utf8",
          "utf8",
          "utf8",
          "utf8"
        ],
        "setMaxParserCache": "<Function anonymous>",
        "clearParserCache": "<Function anonymous>"
      },
      "name": "default",
      "entities": [
        null,
        null,
        null,
        null,
        null,
        null,
        null,
        null,
        null,
        null
      ],
      "subscribers": []
    },
    "swagger": {
      "title": "My Project",
      "description": "This is a swagger-ui for midwayjs project",
      "version": "1.0.0"
    },
    "cool": {
      "initDB": true,
      "router": {
        "prefix": ""
      },
      "page": {
        "size": 15
      },
      "sso": false,
      "file": {
        "domain": "http://127.0.0.1:8001"
      }
    },
    "session": {
      "maxAge": 86400000,
      "key": "EGG_SESS",
      "httpOnly": true,
      "encrypt": true,
      "logValue": true,
      "overwrite": true,
      "signed": true,
      "autoCommit": true,
      "encode": "<Function encode>",
      "decode": "<Function decode>",
      "genid": "<Function v4>"
    },
    "security": {
      "domainWhiteList": [],
      "protocolWhiteList": [],
      "defaultMiddleware": "csrf,hsts,methodnoallow,noopen,nosniff,csp,xssProtection,xframe,dta",
      "csrf": {
        "enable": false,
        "type": "ctoken",
        "ignoreJSON": false,
        "useSession": false,
        "cookieName": "csrfToken",
        "sessionName": "csrfToken",
        "headerName": "x-csrf-token",
        "bodyName": "_csrf",
        "queryName": "_csrf",
        "supportedRequests": [
          {
            "path": {},
            "methods": [
              "POST",
              "PATCH",
              "DELETE",
              "PUT",
              "CONNECT"
            ]
          }
        ],
        "refererWhiteList": []
      },
      "xframe": {
        "enable": true,
        "value": "SAMEORIGIN",
        "matching": "<Function anonymous>"
      },
      "hsts": {
        "enable": false,
        "maxAge": 31536000,
        "includeSubdomains": false
      },
      "dta": {
        "enable": true,
        "matching": "<Function anonymous>"
      },
      "methodnoallow": {
        "enable": true,
        "matching": "<Function anonymous>"
      },
      "noopen": {
        "enable": true,
        "matching": "<Function anonymous>"
      },
      "nosniff": {
        "enable": true,
        "matching": "<Function anonymous>"
      },
      "referrerPolicy": {
        "enable": false,
        "value": "no-referrer-when-downgrade"
      },
      "xssProtection": {
        "enable": true,
        "value": "1; mode=block",
        "matching": "<Function anonymous>"
      },
      "csp": {
        "enable": false,
        "policy": {}
      },
      "ssrf": {
        "ipBlackList": null,
        "ipExceptionList": null,
        "checkAddress": null
      },
      "_protocolWhiteListSet": "<Set>"
    },
    "helper": {
      "shtml": {}
    },
    "jsonp": {
      "limit": 50,
      "callback": [
        "_callback",
        "callback"
      ],
      "csrf": false
    },
    "onerror": {
      "errorPageUrl": "",
      "appErrorFilter": null,
      "templatePath": "/Users/wangkai/wangkai/qf/b-hooks/react-project-server/node_modules/egg-onerror/lib/onerror_page.mustache"
    },
    "i18n": {
      "defaultLocale": "en_US",
      "dirs": [
        "/Users/wangkai/wangkai/qf/b-hooks/react-project-server/node_modules/egg-session/config/locales",
        "/Users/wangkai/wangkai/qf/b-hooks/react-project-server/node_modules/egg-security/config/locales",
        "/Users/wangkai/wangkai/qf/b-hooks/react-project-server/node_modules/egg-jsonp/config/locales",
        "/Users/wangkai/wangkai/qf/b-hooks/react-project-server/node_modules/egg-onerror/config/locales",
        "/Users/wangkai/wangkai/qf/b-hooks/react-project-server/node_modules/egg-i18n/config/locales",
        "/Users/wangkai/wangkai/qf/b-hooks/react-project-server/node_modules/egg-schedule/config/locales",
        "/Users/wangkai/wangkai/qf/b-hooks/react-project-server/node_modules/egg-multipart/config/locales",
        "/Users/wangkai/wangkai/qf/b-hooks/react-project-server/node_modules/egg-static/config/locales",
        "/Users/wangkai/wangkai/qf/b-hooks/react-project-server/node_modules/midway-schedule/config/locales",
        "/Users/wangkai/wangkai/qf/b-hooks/react-project-server/node_modules/egg-mock/config/locales",
        "/Users/wangkai/wangkai/qf/b-hooks/react-project-server/node_modules/@midwayjs/mock/config/locales",
        "/Users/wangkai/wangkai/qf/b-hooks/react-project-server/node_modules/egg/config/locales",
        "/Users/wangkai/wangkai/qf/b-hooks/react-project-server/node_modules/@midwayjs/web/dist/config/locales",
        "/Users/wangkai/wangkai/qf/b-hooks/react-project-server/node_modules/@midwayjs/web/config/locales",
        "/Users/wangkai/wangkai/qf/b-hooks/react-project-server/src/config/locales"
      ],
      "queryField": "locale",
      "cookieField": "locale",
      "cookieDomain": "",
      "cookieMaxAge": "1y",
      "functionName": "__"
    },
    "customLogger": {
      "scheduleLogger": {
        "consoleLevel": "NONE",
        "file": "egg-schedule.log"
      }
    },
    "schedule": {
      "directory": []
    },
    "multipart": {
      "mode": "file",
      "autoFields": false,
      "defaultCharset": "utf8",
      "fieldNameSize": 100,
      "fieldSize": 102400,
      "fields": 10,
      "fileSize": 104857600,
      "files": 10,
      "fileExtensions": [],
      "whitelist": "<Function whitelist>",
      "allowArrayField": false,
      "tmpdir": "/var/folders/kl/0qwpqqpj5nv3qh8r9d8zd6q00000gn/T/egg-multipart-tmp/yh",
      "cleanSchedule": {
        "cron": "0 30 4 * * *",
        "disable": false
      }
    },
    "static": {
      "prefix": "",
      "dir": "/Users/wangkai/wangkai/qf/b-hooks/react-project-server/public",
      "dynamic": true,
      "preload": false,
      "buffer": false,
      "maxFiles": 1000,
      "maxAge": 0
    },
    "env": "local",
    "name": "yh",
    "keys": "<String len: 17>",
    "cookies": {},
    "proxy": false,
    "maxIpsCount": 0,
    "maxProxyCount": 0,
    "protocolHeaders": "x-forwarded-proto",
    "ipHeaders": "x-forwarded-for",
    "hostHeaders": "",
    "pkg": {
      "name": "yh",
      "version": "4.0.0",
      "description": "yh后端",
      "private": true,
      "dependencies": {
        "@cool-midway/alipay": "^4.0.4",
        "@cool-midway/core": "^4.0.22",
        "@cool-midway/es": "^4.0.6",
        "@cool-midway/oss": "^4.0.3",
        "@cool-midway/queue": "^4.1.2",
        "@cool-midway/redis": "^4.0.5",
        "@cool-midway/socket": "^4.0.2",
        "@cool-midway/wxpay": "^4.0.3",
        "@koa/cors": "^3.4.1",
        "@midwayjs/bootstrap": "^2.14.0",
        "@midwayjs/core": "^2.14.0",
        "@midwayjs/decorator": "^2.14.0",
        "@midwayjs/orm": "^2.14.0",
        "@midwayjs/swagger": "^1.3.0",
        "@midwayjs/view-nunjucks": "^2.14.0",
        "@midwayjs/web": "^2.13.4",
        "date-fns": "^2.29.3",
        "egg": "^2.33.1",
        "egg-scripts": "^2.15.2",
        "ipip-ipdb": "^0.6.0",
        "jsonwebtoken": "^8.5.1",
        "lodash": "^4.17.21",
        "md5": "^2.3.0",
        "mini-svg-data-uri": "^1.4.3",
        "mysql2": "^2.3.3",
        "node-xlsx": "^0.17.2",
        "qcloud-cos-sts": "^3.1.0",
        "svg-captcha": "^1.4.0",
        "typeorm": "^0.2.41"
      },
      "devDependencies": {
        "@midwayjs/cli": "^1.2.92",
        "@midwayjs/egg-ts-helper": "^1.2.1",
        "@midwayjs/luckyeye": "^1.0.3",
        "@midwayjs/mock": "^2.14.0",
        "@types/jest": "^27.0.3",
        "@types/jsonwebtoken": "^8.5.6",
        "@types/node": "14",
        "cross-env": "^7.0.3",
        "jest": "^27.4.3",
        "mwts": "^1.3.0",
        "swagger-ui-dist": "^4.1.3",
        "ts-jest": "^27.1.0",
        "typescript": "^4.5.2"
      },
      "engines": {
        "node": ">=12.0.0"
      },
      "scripts": {
        "start": "egg-scripts start --daemon --title=yh --framework=@midwayjs/web --port=8001",
        "stop": "egg-scripts stop --title=yh",
        "start_build": "npm run build && cross-env NODE_ENV=development midway-bin dev",
        "docker": "egg-scripts start --title=yh --framework=@midwayjs/web  --sticky",
        "dev": "cross-env ets && cross-env NODE_ENV=local TS_NODE_TYPE_CHECK=false TS_NODE_TRANSPILE_ONLY=true midway-bin dev --ts --port=8001 --sticky",
        "test": "midway-bin test",
        "cov": "midway-bin cov",
        "lint": "mwts check",
        "lint:fix": "mwts fix",
        "ci": "npm run cov",
        "build": "midway-bin build -c",
        "check": "luckyeye"
      },
      "midway-bin-clean": [
        ".vscode/.tsbuildinfo",
        "dist"
      ],
      "midway-luckyeye": {
        "packages": [
          "midway_v2"
        ]
      },
      "repository": {
        "type": "git",
        "url": ""
      },
      "author": "wangkai"
    },
    "baseDir": "/Users/wangkai/wangkai/qf/b-hooks/react-project-server/src",
    "HOME": "/Users/wangkai",
    "rundir": "/Users/wangkai/wangkai/qf/b-hooks/react-project-server/run",
    "dump": {
      "ignore": "<Set>"
    },
    "confusedConfigurations": {
      "bodyparser": "bodyParser",
      "notFound": "notfound",
      "sitefile": "siteFile",
      "middlewares": "middleware",
      "httpClient": "httpclient"
    },
    "notfound": {
      "pageUrl": ""
    },
    "siteFile": {
      "/favicon.ico": "<Buffer len: 6463>",
      "cacheControl": "public, max-age=2592000"
    },
    "bodyParser": {
      "enable": true,
      "encoding": "utf8",
      "formLimit": "1mb",
      "jsonLimit": "1mb",
      "textLimit": "1mb",
      "strict": true,
      "queryString": {
        "arrayLimit": 100,
        "depth": 5,
        "parameterLimit": 1000
      },
      "returnRawBody": true
    },
    "logger": {
      "dir": "/Users/wangkai/wangkai/qf/b-hooks/react-project-server/logs/yh",
      "encoding": "utf8",
      "env": "local",
      "level": "INFO",
      "consoleLevel": "INFO",
      "disableConsoleAfterReady": false,
      "outputJSON": false,
      "buffer": true,
      "appLogName": "midway-web.log",
      "coreLogName": "midway-core.log",
      "agentLogName": "midway-agent.log",
      "errorLogName": "common-error.log",
      "coreLogger": {
        "consoleLevel": "INFO"
      },
      "allowDebugAtProd": false,
      "enablePerformanceTimer": false,
      "type": "application"
    },
    "httpclient": {
      "enableDNSCache": false,
      "dnsCacheLookupInterval": 10000,
      "dnsCacheMaxLength": 1000,
      "request": {
        "timeout": 5000
      },
      "httpAgent": {
        "keepAlive": true,
        "freeSocketTimeout": 4000,
        "maxSockets": 9007199254740991,
        "maxFreeSockets": 256
      },
      "httpsAgent": {
        "keepAlive": true,
        "freeSocketTimeout": 4000,
        "maxSockets": 9007199254740991,
        "maxFreeSockets": 256
      }
    },
    "meta": {
      "enable": true,
      "logging": false
    },
    "coreMiddleware": [
      "meta",
      "siteFile",
      "notfound",
      "static",
      "bodyParser",
      "overrideMethod",
      "session",
      "clusterAppMock",
      "securities",
      "i18n",
      "multipart"
    ],
    "workerStartTimeout": 600000,
    "serverTimeout": null,
    "cluster": {
      "listen": {
        "path": "",
        "port": 7001,
        "hostname": ""
      }
    },
    "clusterClient": {
      "maxWaitTime": 60000,
      "responseTimeout": 60000
    },
    "onClientError": null,
    "midwayFeature": {
      "replaceEggLogger": true
    },
    "pluginOverwrite": false,
    "alinode": {
      "logdir": "/tmp",
      "error_log": [
        "/Users/wangkai/wangkai/qf/b-hooks/react-project-server/logs/yh/common-error.log",
        "/Users/wangkai/wangkai/qf/b-hooks/react-project-server/logs/stderr.log"
      ],
      "packages": [
        "/Users/wangkai/wangkai/qf/b-hooks/react-project-server/package.json"
      ]
    },
    "middleware": [],
    "coreMiddlewares": "~config~coreMiddleware",
    "appMiddlewares": "~config~middleware",
    "appMiddleware": "~config~middleware",
    "multipartParseOptions": {
      "autoFields": false,
      "defCharset": "utf8",
      "limits": {
        "fieldNameSize": 100,
        "fieldSize": 102400,
        "fields": 10,
        "fileSize": 104857600,
        "files": 10
      },
      "checkFile": "<Function checkFile>"
    },
    "module": {
      "base": {
        "name": "权限管理",
        "description": "基础的权限管理功能，包括登录，权限校验",
        "globalMiddlewares": [
          "baseAuthorityMiddleware",
          "baseLogMiddleware",
          "baseSwaggerMiddleware"
        ],
        "jwt": {
          "secret": "<String len: 6>",
          "token": {
            "expire": 720000,
            "refreshExpire": 129600000
          }
        }
      }
    }
  },
  "plugins": {
    "onerror": {
      "enable": true,
      "package": "egg-onerror",
      "name": "onerror",
      "dependencies": [],
      "optionalDependencies": [
        "jsonp"
      ],
      "env": [],
      "from": "/Users/wangkai/wangkai/qf/b-hooks/react-project-server/node_modules/egg/config/plugin.js",
      "path": "/Users/wangkai/wangkai/qf/b-hooks/react-project-server/node_modules/egg-onerror",
      "version": "2.1.1"
    },
    "session": {
      "enable": true,
      "package": "egg-session",
      "name": "session",
      "dependencies": [],
      "optionalDependencies": [],
      "env": [],
      "from": "/Users/wangkai/wangkai/qf/b-hooks/react-project-server/node_modules/egg/config/plugin.js",
      "path": "/Users/wangkai/wangkai/qf/b-hooks/react-project-server/node_modules/egg-session",
      "version": "3.3.0"
    },
    "i18n": {
      "enable": true,
      "package": "egg-i18n",
      "name": "i18n",
      "dependencies": [],
      "optionalDependencies": [],
      "env": [],
      "from": "/Users/wangkai/wangkai/qf/b-hooks/react-project-server/node_modules/egg/config/plugin.js",
      "path": "/Users/wangkai/wangkai/qf/b-hooks/react-project-server/node_modules/egg-i18n",
      "version": "2.1.1"
    },
    "watcher": {
      "enable": false,
      "package": "egg-watcher",
      "name": "watcher",
      "dependencies": [],
      "optionalDependencies": [],
      "env": [],
      "from": "/Users/wangkai/wangkai/qf/b-hooks/react-project-server/node_modules/@midwayjs/web/config/plugin.js",
      "path": "/Users/wangkai/wangkai/qf/b-hooks/react-project-server/node_modules/egg-watcher",
      "version": "3.1.1"
    },
    "multipart": {
      "enable": true,
      "package": "egg-multipart",
      "name": "multipart",
      "dependencies": [],
      "optionalDependencies": [
        "schedule"
      ],
      "env": [],
      "from": "/Users/wangkai/wangkai/qf/b-hooks/react-project-server/node_modules/egg/config/plugin.js",
      "path": "/Users/wangkai/wangkai/qf/b-hooks/react-project-server/node_modules/egg-multipart",
      "version": "2.13.1"
    },
    "security": {
      "enable": true,
      "package": "egg-security",
      "name": "security",
      "dependencies": [],
      "optionalDependencies": [
        "session"
      ],
      "env": [],
      "from": "/Users/wangkai/wangkai/qf/b-hooks/react-project-server/node_modules/egg/config/plugin.js",
      "path": "/Users/wangkai/wangkai/qf/b-hooks/react-project-server/node_modules/egg-security",
      "version": "2.11.0"
    },
    "development": {
      "enable": false,
      "package": "egg-development",
      "name": "development",
      "dependencies": [
        "watcher"
      ],
      "optionalDependencies": [],
      "env": [
        "local"
      ],
      "from": "/Users/wangkai/wangkai/qf/b-hooks/react-project-server/node_modules/@midwayjs/web/config/plugin.js",
      "path": "/Users/wangkai/wangkai/qf/b-hooks/react-project-server/node_modules/egg-development",
      "version": "2.7.0"
    },
    "logrotator": {
      "enable": false,
      "package": "egg-logrotator",
      "name": "logrotator",
      "dependencies": [
        "schedule"
      ],
      "optionalDependencies": [],
      "env": [],
      "from": "/Users/wangkai/wangkai/qf/b-hooks/react-project-server/src/config/plugin.ts",
      "path": "/Users/wangkai/wangkai/qf/b-hooks/react-project-server/node_modules/egg-logrotator",
      "version": "3.1.0"
    },
    "schedule": {
      "enable": true,
      "package": "egg-schedule",
      "name": "schedule",
      "dependencies": [],
      "optionalDependencies": [],
      "env": [],
      "from": "/Users/wangkai/wangkai/qf/b-hooks/react-project-server/src/config/plugin.ts",
      "path": "/Users/wangkai/wangkai/qf/b-hooks/react-project-server/node_modules/egg-schedule",
      "version": "3.7.0"
    },
    "static": {
      "enable": true,
      "package": "egg-static",
      "name": "static",
      "dependencies": [],
      "optionalDependencies": [],
      "env": [],
      "from": "/Users/wangkai/wangkai/qf/b-hooks/react-project-server/src/config/plugin.ts",
      "path": "/Users/wangkai/wangkai/qf/b-hooks/react-project-server/node_modules/egg-static",
      "version": "2.2.0"
    },
    "jsonp": {
      "enable": true,
      "package": "egg-jsonp",
      "name": "jsonp",
      "dependencies": [],
      "optionalDependencies": [
        "security"
      ],
      "env": [],
      "from": "/Users/wangkai/wangkai/qf/b-hooks/react-project-server/node_modules/egg/config/plugin.js",
      "path": "/Users/wangkai/wangkai/qf/b-hooks/react-project-server/node_modules/egg-jsonp",
      "version": "2.0.0"
    },
    "view": {
      "enable": false,
      "package": "egg-view",
      "name": "view",
      "dependencies": [],
      "optionalDependencies": [],
      "env": [],
      "from": "/Users/wangkai/wangkai/qf/b-hooks/react-project-server/src/config/plugin.ts",
      "path": "/Users/wangkai/wangkai/qf/b-hooks/react-project-server/node_modules/egg-view",
      "version": "2.1.3"
    },
    "schedulePlus": {
      "enable": true,
      "package": "midway-schedule",
      "name": "schedulePlus",
      "dependencies": [],
      "optionalDependencies": [
        "schedule"
      ],
      "env": [],
      "from": "/Users/wangkai/wangkai/qf/b-hooks/react-project-server/node_modules/@midwayjs/web/config/plugin.js",
      "path": "/Users/wangkai/wangkai/qf/b-hooks/react-project-server/node_modules/midway-schedule",
      "version": "2.14.7"
    },
    "egg-mock": {
      "enable": true,
      "package": "egg-mock",
      "name": "egg-mock",
      "dependencies": [],
      "optionalDependencies": [],
      "env": [],
      "path": "/Users/wangkai/wangkai/qf/b-hooks/react-project-server/node_modules/egg-mock",
      "version": "3.26.0"
    },
    "midway-mock": {
      "enable": true,
      "package": "@midwayjs/mock",
      "name": "midway-mock",
      "dependencies": [],
      "optionalDependencies": [],
      "env": [],
      "path": "/Users/wangkai/wangkai/qf/b-hooks/react-project-server/node_modules/@midwayjs/mock",
      "version": "2.14.6"
    }
  },
  "appInfo": {
    "name": "yh",
    "baseDir": "/Users/wangkai/wangkai/qf/b-hooks/react-project-server/src",
    "env": "local",
    "scope": "",
    "HOME": "/Users/wangkai",
    "pkg": {
      "name": "yh",
      "version": "4.0.0",
      "description": "yh后端",
      "private": true,
      "dependencies": {
        "@cool-midway/alipay": "^4.0.4",
        "@cool-midway/core": "^4.0.22",
        "@cool-midway/es": "^4.0.6",
        "@cool-midway/oss": "^4.0.3",
        "@cool-midway/queue": "^4.1.2",
        "@cool-midway/redis": "^4.0.5",
        "@cool-midway/socket": "^4.0.2",
        "@cool-midway/wxpay": "^4.0.3",
        "@koa/cors": "^3.4.1",
        "@midwayjs/bootstrap": "^2.14.0",
        "@midwayjs/core": "^2.14.0",
        "@midwayjs/decorator": "^2.14.0",
        "@midwayjs/orm": "^2.14.0",
        "@midwayjs/swagger": "^1.3.0",
        "@midwayjs/view-nunjucks": "^2.14.0",
        "@midwayjs/web": "^2.13.4",
        "date-fns": "^2.29.3",
        "egg": "^2.33.1",
        "egg-scripts": "^2.15.2",
        "ipip-ipdb": "^0.6.0",
        "jsonwebtoken": "^8.5.1",
        "lodash": "^4.17.21",
        "md5": "^2.3.0",
        "mini-svg-data-uri": "^1.4.3",
        "mysql2": "^2.3.3",
        "node-xlsx": "^0.17.2",
        "qcloud-cos-sts": "^3.1.0",
        "svg-captcha": "^1.4.0",
        "typeorm": "^0.2.41"
      },
      "devDependencies": {
        "@midwayjs/cli": "^1.2.92",
        "@midwayjs/egg-ts-helper": "^1.2.1",
        "@midwayjs/luckyeye": "^1.0.3",
        "@midwayjs/mock": "^2.14.0",
        "@types/jest": "^27.0.3",
        "@types/jsonwebtoken": "^8.5.6",
        "@types/node": "14",
        "cross-env": "^7.0.3",
        "jest": "^27.4.3",
        "mwts": "^1.3.0",
        "swagger-ui-dist": "^4.1.3",
        "ts-jest": "^27.1.0",
        "typescript": "^4.5.2"
      },
      "engines": {
        "node": ">=12.0.0"
      },
      "scripts": {
        "start": "egg-scripts start --daemon --title=yh --framework=@midwayjs/web --port=8001",
        "stop": "egg-scripts stop --title=yh",
        "start_build": "npm run build && cross-env NODE_ENV=development midway-bin dev",
        "docker": "egg-scripts start --title=yh --framework=@midwayjs/web  --sticky",
        "dev": "cross-env ets && cross-env NODE_ENV=local TS_NODE_TYPE_CHECK=false TS_NODE_TRANSPILE_ONLY=true midway-bin dev --ts --port=8001 --sticky",
        "test": "midway-bin test",
        "cov": "midway-bin cov",
        "lint": "mwts check",
        "lint:fix": "mwts fix",
        "ci": "npm run cov",
        "build": "midway-bin build -c",
        "check": "luckyeye"
      },
      "midway-bin-clean": "~config~pkg~midway-bin-clean",
      "midway-luckyeye": {
        "packages": "~config~pkg~midway-luckyeye~packages"
      },
      "repository": {
        "type": "git",
        "url": ""
      },
      "author": "wangkai"
    },
    "root": "/Users/wangkai/wangkai/qf/b-hooks/react-project-server",
    "appDir": "/Users/wangkai/wangkai/qf/b-hooks/react-project-server"
  }
}