[
  {
    "name": "Process Start",
    "start": 1668067671207,
    "end": 1668067673727,
    "duration": 2520,
    "pid": 88577,
    "index": 0
  },
  {
    "name": "Application Start",
    "start": 1668067673727,
    "end": 1668067674450,
    "duration": 723,
    "pid": 88577,
    "index": 1
  },
  {
    "name": "Load Plugin",
    "start": 1668067673727,
    "end": 1668067673728,
    "duration": 1,
    "pid": 88577,
    "index": 2
  },
  {
    "name": "Load Config",
    "start": 1668067673728,
    "end": 1668067673731,
    "duration": 3,
    "pid": 88577,
    "index": 3
  },
  {
    "name": "Require(0) config/config.default.ts",
    "start": 1668067673728,
    "end": 1668067673728,
    "duration": 0,
    "pid": 88577,
    "index": 4
  },
  {
    "name": "Require(1) config/config.local.ts",
    "start": 1668067673728,
    "end": 1668067673728,
    "duration": 0,
    "pid": 88577,
    "index": 5
  },
  {
    "name": "Require(2) /Users/wangkai/wangkai/qf/b-hooks/react-project-server/node_modules/egg-session/config/config.default.js",
    "start": 1668067673729,
    "end": 1668067673729,
    "duration": 0,
    "pid": 88577,
    "index": 6
  },
  {
    "name": "Require(3) /Users/wangkai/wangkai/qf/b-hooks/react-project-server/node_modules/egg-security/config/config.default.js",
    "start": 1668067673729,
    "end": 1668067673729,
    "duration": 0,
    "pid": 88577,
    "index": 7
  },
  {
    "name": "Require(4) /Users/wangkai/wangkai/qf/b-hooks/react-project-server/node_modules/egg-jsonp/config/config.default.js",
    "start": 1668067673729,
    "end": 1668067673729,
    "duration": 0,
    "pid": 88577,
    "index": 8
  },
  {
    "name": "Require(5) /Users/wangkai/wangkai/qf/b-hooks/react-project-server/node_modules/egg-onerror/config/config.default.js",
    "start": 1668067673729,
    "end": 1668067673729,
    "duration": 0,
    "pid": 88577,
    "index": 9
  },
  {
    "name": "Require(6) /Users/wangkai/wangkai/qf/b-hooks/react-project-server/node_modules/egg-i18n/config/config.default.js",
    "start": 1668067673729,
    "end": 1668067673729,
    "duration": 0,
    "pid": 88577,
    "index": 10
  },
  {
    "name": "Require(7) /Users/wangkai/wangkai/qf/b-hooks/react-project-server/node_modules/egg-schedule/config/config.default.js",
    "start": 1668067673729,
    "end": 1668067673729,
    "duration": 0,
    "pid": 88577,
    "index": 11
  },
  {
    "name": "Require(8) /Users/wangkai/wangkai/qf/b-hooks/react-project-server/node_modules/egg-multipart/config/config.default.js",
    "start": 1668067673730,
    "end": 1668067673730,
    "duration": 0,
    "pid": 88577,
    "index": 12
  },
  {
    "name": "Require(9) /Users/wangkai/wangkai/qf/b-hooks/react-project-server/node_modules/egg-static/config/config.default.js",
    "start": 1668067673730,
    "end": 1668067673730,
    "duration": 0,
    "pid": 88577,
    "index": 13
  },
  {
    "name": "Require(10) /Users/wangkai/wangkai/qf/b-hooks/react-project-server/node_modules/egg/config/config.default.js",
    "start": 1668067673730,
    "end": 1668067673730,
    "duration": 0,
    "pid": 88577,
    "index": 14
  },
  {
    "name": "Require(11) /Users/wangkai/wangkai/qf/b-hooks/react-project-server/node_modules/@midwayjs/web/config/config.default.js",
    "start": 1668067673730,
    "end": 1668067673730,
    "duration": 0,
    "pid": 88577,
    "index": 15
  },
  {
    "name": "Require(12) config/config.default.ts",
    "start": 1668067673730,
    "end": 1668067673730,
    "duration": 0,
    "pid": 88577,
    "index": 16
  },
  {
    "name": "Require(13) /Users/wangkai/wangkai/qf/b-hooks/react-project-server/node_modules/egg-security/config/config.local.js",
    "start": 1668067673731,
    "end": 1668067673731,
    "duration": 0,
    "pid": 88577,
    "index": 17
  },
  {
    "name": "Require(14) /Users/wangkai/wangkai/qf/b-hooks/react-project-server/node_modules/egg/config/config.local.js",
    "start": 1668067673731,
    "end": 1668067673731,
    "duration": 0,
    "pid": 88577,
    "index": 18
  },
  {
    "name": "Require(15) config/config.local.ts",
    "start": 1668067673731,
    "end": 1668067673731,
    "duration": 0,
    "pid": 88577,
    "index": 19
  },
  {
    "name": "Before Start in node_modules/@midwayjs/web/dist/framework/web.js:45:22",
    "start": 1668067673732,
    "end": 1668067673856,
    "duration": 124,
    "pid": 88577,
    "index": 20
  },
  {
    "name": "Load extend/application.js",
    "start": 1668067673740,
    "end": 1668067673747,
    "duration": 7,
    "pid": 88577,
    "index": 21
  },
  {
    "name": "Require(16) /Users/wangkai/wangkai/qf/b-hooks/react-project-server/node_modules/egg-session/app/extend/application.js",
    "start": 1668067673740,
    "end": 1668067673740,
    "duration": 0,
    "pid": 88577,
    "index": 22
  },
  {
    "name": "Require(17) /Users/wangkai/wangkai/qf/b-hooks/react-project-server/node_modules/egg-security/app/extend/application.js",
    "start": 1668067673741,
    "end": 1668067673741,
    "duration": 0,
    "pid": 88577,
    "index": 23
  },
  {
    "name": "Require(18) /Users/wangkai/wangkai/qf/b-hooks/react-project-server/node_modules/egg-jsonp/app/extend/application.js",
    "start": 1668067673741,
    "end": 1668067673742,
    "duration": 1,
    "pid": 88577,
    "index": 24
  },
  {
    "name": "Require(19) /Users/wangkai/wangkai/qf/b-hooks/react-project-server/node_modules/egg-schedule/app/extend/application.js",
    "start": 1668067673742,
    "end": 1668067673742,
    "duration": 0,
    "pid": 88577,
    "index": 25
  },
  {
    "name": "Require(20) /Users/wangkai/wangkai/qf/b-hooks/react-project-server/node_modules/egg-mock/app/extend/application.js",
    "start": 1668067673743,
    "end": 1668067673744,
    "duration": 1,
    "pid": 88577,
    "index": 26
  },
  {
    "name": "Require(21) /Users/wangkai/wangkai/qf/b-hooks/react-project-server/node_modules/@midwayjs/mock/app/extend/application.js",
    "start": 1668067673744,
    "end": 1668067673745,
    "duration": 1,
    "pid": 88577,
    "index": 27
  },
  {
    "name": "Require(22) /Users/wangkai/wangkai/qf/b-hooks/react-project-server/node_modules/@midwayjs/web/app/extend/application.js",
    "start": 1668067673745,
    "end": 1668067673746,
    "duration": 1,
    "pid": 88577,
    "index": 28
  },
  {
    "name": "Load extend/request.js",
    "start": 1668067673747,
    "end": 1668067673748,
    "duration": 1,
    "pid": 88577,
    "index": 29
  },
  {
    "name": "Require(23) /Users/wangkai/wangkai/qf/b-hooks/react-project-server/node_modules/egg/app/extend/request.js",
    "start": 1668067673747,
    "end": 1668067673748,
    "duration": 1,
    "pid": 88577,
    "index": 30
  },
  {
    "name": "Load extend/response.js",
    "start": 1668067673749,
    "end": 1668067673751,
    "duration": 2,
    "pid": 88577,
    "index": 31
  },
  {
    "name": "Require(24) /Users/wangkai/wangkai/qf/b-hooks/react-project-server/node_modules/egg/app/extend/response.js",
    "start": 1668067673749,
    "end": 1668067673750,
    "duration": 1,
    "pid": 88577,
    "index": 32
  },
  {
    "name": "Load extend/context.js",
    "start": 1668067673751,
    "end": 1668067673751,
    "duration": 0,
    "pid": 88577,
    "index": 33
  },
  {
    "name": "Require(25) /Users/wangkai/wangkai/qf/b-hooks/react-project-server/node_modules/egg-security/app/extend/context.js",
    "start": 1668067673751,
    "end": 1668067673751,
    "duration": 0,
    "pid": 88577,
    "index": 34
  },
  {
    "name": "Require(26) /Users/wangkai/wangkai/qf/b-hooks/react-project-server/node_modules/egg-jsonp/app/extend/context.js",
    "start": 1668067673751,
    "end": 1668067673751,
    "duration": 0,
    "pid": 88577,
    "index": 35
  },
  {
    "name": "Require(27) /Users/wangkai/wangkai/qf/b-hooks/react-project-server/node_modules/egg-i18n/app/extend/context.js",
    "start": 1668067673751,
    "end": 1668067673751,
    "duration": 0,
    "pid": 88577,
    "index": 36
  },
  {
    "name": "Require(28) /Users/wangkai/wangkai/qf/b-hooks/react-project-server/node_modules/egg-multipart/app/extend/context.js",
    "start": 1668067673751,
    "end": 1668067673751,
    "duration": 0,
    "pid": 88577,
    "index": 37
  },
  {
    "name": "Require(29) /Users/wangkai/wangkai/qf/b-hooks/react-project-server/node_modules/egg/app/extend/context.js",
    "start": 1668067673751,
    "end": 1668067673751,
    "duration": 0,
    "pid": 88577,
    "index": 38
  },
  {
    "name": "Require(30) /Users/wangkai/wangkai/qf/b-hooks/react-project-server/node_modules/@midwayjs/web/app/extend/context.js",
    "start": 1668067673751,
    "end": 1668067673751,
    "duration": 0,
    "pid": 88577,
    "index": 39
  },
  {
    "name": "Load extend/helper.js",
    "start": 1668067673751,
    "end": 1668067673764,
    "duration": 13,
    "pid": 88577,
    "index": 40
  },
  {
    "name": "Require(31) /Users/wangkai/wangkai/qf/b-hooks/react-project-server/node_modules/egg-security/app/extend/helper.js",
    "start": 1668067673752,
    "end": 1668067673762,
    "duration": 10,
    "pid": 88577,
    "index": 41
  },
  {
    "name": "Require(32) /Users/wangkai/wangkai/qf/b-hooks/react-project-server/node_modules/egg/app/extend/helper.js",
    "start": 1668067673762,
    "end": 1668067673763,
    "duration": 1,
    "pid": 88577,
    "index": 42
  },
  {
    "name": "Load app.js",
    "start": 1668067673764,
    "end": 1668067673782,
    "duration": 18,
    "pid": 88577,
    "index": 43
  },
  {
    "name": "Require(33) /Users/wangkai/wangkai/qf/b-hooks/react-project-server/node_modules/egg-session/app.js",
    "start": 1668067673764,
    "end": 1668067673764,
    "duration": 0,
    "pid": 88577,
    "index": 44
  },
  {
    "name": "Require(34) /Users/wangkai/wangkai/qf/b-hooks/react-project-server/node_modules/egg-security/app.js",
    "start": 1668067673764,
    "end": 1668067673765,
    "duration": 1,
    "pid": 88577,
    "index": 45
  },
  {
    "name": "Require(35) /Users/wangkai/wangkai/qf/b-hooks/react-project-server/node_modules/egg-onerror/app.js",
    "start": 1668067673765,
    "end": 1668067673770,
    "duration": 5,
    "pid": 88577,
    "index": 46
  },
  {
    "name": "Require(36) /Users/wangkai/wangkai/qf/b-hooks/react-project-server/node_modules/egg-i18n/app.js",
    "start": 1668067673770,
    "end": 1668067673778,
    "duration": 8,
    "pid": 88577,
    "index": 47
  },
  {
    "name": "Require(37) /Users/wangkai/wangkai/qf/b-hooks/react-project-server/node_modules/egg-schedule/app.js",
    "start": 1668067673778,
    "end": 1668067673779,
    "duration": 1,
    "pid": 88577,
    "index": 48
  },
  {
    "name": "Require(38) /Users/wangkai/wangkai/qf/b-hooks/react-project-server/node_modules/egg-multipart/app.js",
    "start": 1668067673779,
    "end": 1668067673780,
    "duration": 1,
    "pid": 88577,
    "index": 49
  },
  {
    "name": "Require(39) /Users/wangkai/wangkai/qf/b-hooks/react-project-server/node_modules/egg-static/app.js",
    "start": 1668067673780,
    "end": 1668067673780,
    "duration": 0,
    "pid": 88577,
    "index": 50
  },
  {
    "name": "Require(40) /Users/wangkai/wangkai/qf/b-hooks/react-project-server/node_modules/midway-schedule/app.js",
    "start": 1668067673780,
    "end": 1668067673780,
    "duration": 0,
    "pid": 88577,
    "index": 51
  },
  {
    "name": "Require(41) /Users/wangkai/wangkai/qf/b-hooks/react-project-server/node_modules/egg-mock/app.js",
    "start": 1668067673781,
    "end": 1668067673781,
    "duration": 0,
    "pid": 88577,
    "index": 52
  },
  {
    "name": "Require(42) /Users/wangkai/wangkai/qf/b-hooks/react-project-server/node_modules/@midwayjs/web/app.js",
    "start": 1668067673781,
    "end": 1668067673782,
    "duration": 1,
    "pid": 88577,
    "index": 53
  },
  {
    "name": "Did Load in /Users/wangkai/wangkai/qf/b-hooks/react-project-server/node_modules/@midwayjs/web/app.js:didLoad",
    "start": 1668067673788,
    "end": 1668067673856,
    "duration": 68,
    "pid": 88577,
    "index": 54
  },
  {
    "name": "Load Service",
    "start": 1668067673789,
    "end": 1668067673791,
    "duration": 2,
    "pid": 88577,
    "index": 55
  },
  {
    "name": "Load \"service\" to Context",
    "start": 1668067673789,
    "end": 1668067673791,
    "duration": 2,
    "pid": 88577,
    "index": 56
  },
  {
    "name": "Load Middleware",
    "start": 1668067673791,
    "end": 1668067673855,
    "duration": 64,
    "pid": 88577,
    "index": 57
  },
  {
    "name": "Load \"middlewares\" to Application",
    "start": 1668067673791,
    "end": 1668067673855,
    "duration": 64,
    "pid": 88577,
    "index": 58
  },
  {
    "name": "Load Controller",
    "start": 1668067673855,
    "end": 1668067673855,
    "duration": 0,
    "pid": 88577,
    "index": 59
  },
  {
    "name": "Load \"controller\" to Application",
    "start": 1668067673855,
    "end": 1668067673855,
    "duration": 0,
    "pid": 88577,
    "index": 60
  },
  {
    "name": "Load Router",
    "start": 1668067673855,
    "end": 1668067673855,
    "duration": 0,
    "pid": 88577,
    "index": 61
  },
  {
    "name": "Will Ready in /Users/wangkai/wangkai/qf/b-hooks/react-project-server/node_modules/@midwayjs/web/app.js:willReady",
    "start": 1668067673856,
    "end": 1668067674450,
    "duration": 594,
    "pid": 88577,
    "index": 62
  }
]