[
  {
    "name": "Process Start",
    "start": 1668269390608,
    "end": 1668269392887,
    "duration": 2279,
    "pid": 25969,
    "index": 0
  },
  {
    "name": "Application Start",
    "start": 1668269392887,
    "end": 1668269393831,
    "duration": 944,
    "pid": 25969,
    "index": 1
  },
  {
    "name": "Load Plugin",
    "start": 1668269392887,
    "end": 1668269392888,
    "duration": 1,
    "pid": 25969,
    "index": 2
  },
  {
    "name": "Load Config",
    "start": 1668269392888,
    "end": 1668269392891,
    "duration": 3,
    "pid": 25969,
    "index": 3
  },
  {
    "name": "Require(0) config/config.default.ts",
    "start": 1668269392888,
    "end": 1668269392888,
    "duration": 0,
    "pid": 25969,
    "index": 4
  },
  {
    "name": "Require(1) config/config.local.ts",
    "start": 1668269392888,
    "end": 1668269392888,
    "duration": 0,
    "pid": 25969,
    "index": 5
  },
  {
    "name": "Require(2) /Users/wangkai/wangkai/qf/b-hooks/react-project-server/node_modules/egg-session/config/config.default.js",
    "start": 1668269392889,
    "end": 1668269392889,
    "duration": 0,
    "pid": 25969,
    "index": 6
  },
  {
    "name": "Require(3) /Users/wangkai/wangkai/qf/b-hooks/react-project-server/node_modules/egg-security/config/config.default.js",
    "start": 1668269392889,
    "end": 1668269392889,
    "duration": 0,
    "pid": 25969,
    "index": 7
  },
  {
    "name": "Require(4) /Users/wangkai/wangkai/qf/b-hooks/react-project-server/node_modules/egg-jsonp/config/config.default.js",
    "start": 1668269392889,
    "end": 1668269392889,
    "duration": 0,
    "pid": 25969,
    "index": 8
  },
  {
    "name": "Require(5) /Users/wangkai/wangkai/qf/b-hooks/react-project-server/node_modules/egg-onerror/config/config.default.js",
    "start": 1668269392889,
    "end": 1668269392889,
    "duration": 0,
    "pid": 25969,
    "index": 9
  },
  {
    "name": "Require(6) /Users/wangkai/wangkai/qf/b-hooks/react-project-server/node_modules/egg-i18n/config/config.default.js",
    "start": 1668269392889,
    "end": 1668269392889,
    "duration": 0,
    "pid": 25969,
    "index": 10
  },
  {
    "name": "Require(7) /Users/wangkai/wangkai/qf/b-hooks/react-project-server/node_modules/egg-schedule/config/config.default.js",
    "start": 1668269392889,
    "end": 1668269392889,
    "duration": 0,
    "pid": 25969,
    "index": 11
  },
  {
    "name": "Require(8) /Users/wangkai/wangkai/qf/b-hooks/react-project-server/node_modules/egg-multipart/config/config.default.js",
    "start": 1668269392889,
    "end": 1668269392889,
    "duration": 0,
    "pid": 25969,
    "index": 12
  },
  {
    "name": "Require(9) /Users/wangkai/wangkai/qf/b-hooks/react-project-server/node_modules/egg-static/config/config.default.js",
    "start": 1668269392889,
    "end": 1668269392889,
    "duration": 0,
    "pid": 25969,
    "index": 13
  },
  {
    "name": "Require(10) /Users/wangkai/wangkai/qf/b-hooks/react-project-server/node_modules/egg/config/config.default.js",
    "start": 1668269392889,
    "end": 1668269392889,
    "duration": 0,
    "pid": 25969,
    "index": 14
  },
  {
    "name": "Require(11) /Users/wangkai/wangkai/qf/b-hooks/react-project-server/node_modules/@midwayjs/web/config/config.default.js",
    "start": 1668269392890,
    "end": 1668269392890,
    "duration": 0,
    "pid": 25969,
    "index": 15
  },
  {
    "name": "Require(12) config/config.default.ts",
    "start": 1668269392890,
    "end": 1668269392890,
    "duration": 0,
    "pid": 25969,
    "index": 16
  },
  {
    "name": "Require(13) /Users/wangkai/wangkai/qf/b-hooks/react-project-server/node_modules/egg-security/config/config.local.js",
    "start": 1668269392890,
    "end": 1668269392890,
    "duration": 0,
    "pid": 25969,
    "index": 17
  },
  {
    "name": "Require(14) /Users/wangkai/wangkai/qf/b-hooks/react-project-server/node_modules/egg/config/config.local.js",
    "start": 1668269392890,
    "end": 1668269392890,
    "duration": 0,
    "pid": 25969,
    "index": 18
  },
  {
    "name": "Require(15) config/config.local.ts",
    "start": 1668269392890,
    "end": 1668269392890,
    "duration": 0,
    "pid": 25969,
    "index": 19
  },
  {
    "name": "Before Start in node_modules/@midwayjs/web/dist/framework/web.js:45:22",
    "start": 1668269392891,
    "end": 1668269393008,
    "duration": 117,
    "pid": 25969,
    "index": 20
  },
  {
    "name": "Load extend/application.js",
    "start": 1668269392898,
    "end": 1668269392907,
    "duration": 9,
    "pid": 25969,
    "index": 21
  },
  {
    "name": "Require(16) /Users/wangkai/wangkai/qf/b-hooks/react-project-server/node_modules/egg-session/app/extend/application.js",
    "start": 1668269392899,
    "end": 1668269392899,
    "duration": 0,
    "pid": 25969,
    "index": 22
  },
  {
    "name": "Require(17) /Users/wangkai/wangkai/qf/b-hooks/react-project-server/node_modules/egg-security/app/extend/application.js",
    "start": 1668269392899,
    "end": 1668269392899,
    "duration": 0,
    "pid": 25969,
    "index": 23
  },
  {
    "name": "Require(18) /Users/wangkai/wangkai/qf/b-hooks/react-project-server/node_modules/egg-jsonp/app/extend/application.js",
    "start": 1668269392899,
    "end": 1668269392900,
    "duration": 1,
    "pid": 25969,
    "index": 24
  },
  {
    "name": "Require(19) /Users/wangkai/wangkai/qf/b-hooks/react-project-server/node_modules/egg-schedule/app/extend/application.js",
    "start": 1668269392900,
    "end": 1668269392901,
    "duration": 1,
    "pid": 25969,
    "index": 25
  },
  {
    "name": "Require(20) /Users/wangkai/wangkai/qf/b-hooks/react-project-server/node_modules/egg-mock/app/extend/application.js",
    "start": 1668269392901,
    "end": 1668269392904,
    "duration": 3,
    "pid": 25969,
    "index": 26
  },
  {
    "name": "Require(21) /Users/wangkai/wangkai/qf/b-hooks/react-project-server/node_modules/@midwayjs/mock/app/extend/application.js",
    "start": 1668269392905,
    "end": 1668269392905,
    "duration": 0,
    "pid": 25969,
    "index": 27
  },
  {
    "name": "Require(22) /Users/wangkai/wangkai/qf/b-hooks/react-project-server/node_modules/@midwayjs/web/app/extend/application.js",
    "start": 1668269392906,
    "end": 1668269392907,
    "duration": 1,
    "pid": 25969,
    "index": 28
  },
  {
    "name": "Load extend/request.js",
    "start": 1668269392907,
    "end": 1668269392909,
    "duration": 2,
    "pid": 25969,
    "index": 29
  },
  {
    "name": "Require(23) /Users/wangkai/wangkai/qf/b-hooks/react-project-server/node_modules/egg/app/extend/request.js",
    "start": 1668269392907,
    "end": 1668269392908,
    "duration": 1,
    "pid": 25969,
    "index": 30
  },
  {
    "name": "Load extend/response.js",
    "start": 1668269392909,
    "end": 1668269392913,
    "duration": 4,
    "pid": 25969,
    "index": 31
  },
  {
    "name": "Require(24) /Users/wangkai/wangkai/qf/b-hooks/react-project-server/node_modules/egg/app/extend/response.js",
    "start": 1668269392909,
    "end": 1668269392912,
    "duration": 3,
    "pid": 25969,
    "index": 32
  },
  {
    "name": "Load extend/context.js",
    "start": 1668269392913,
    "end": 1668269392913,
    "duration": 0,
    "pid": 25969,
    "index": 33
  },
  {
    "name": "Require(25) /Users/wangkai/wangkai/qf/b-hooks/react-project-server/node_modules/egg-security/app/extend/context.js",
    "start": 1668269392913,
    "end": 1668269392913,
    "duration": 0,
    "pid": 25969,
    "index": 34
  },
  {
    "name": "Require(26) /Users/wangkai/wangkai/qf/b-hooks/react-project-server/node_modules/egg-jsonp/app/extend/context.js",
    "start": 1668269392913,
    "end": 1668269392913,
    "duration": 0,
    "pid": 25969,
    "index": 35
  },
  {
    "name": "Require(27) /Users/wangkai/wangkai/qf/b-hooks/react-project-server/node_modules/egg-i18n/app/extend/context.js",
    "start": 1668269392913,
    "end": 1668269392913,
    "duration": 0,
    "pid": 25969,
    "index": 36
  },
  {
    "name": "Require(28) /Users/wangkai/wangkai/qf/b-hooks/react-project-server/node_modules/egg-multipart/app/extend/context.js",
    "start": 1668269392913,
    "end": 1668269392913,
    "duration": 0,
    "pid": 25969,
    "index": 37
  },
  {
    "name": "Require(29) /Users/wangkai/wangkai/qf/b-hooks/react-project-server/node_modules/egg/app/extend/context.js",
    "start": 1668269392913,
    "end": 1668269392913,
    "duration": 0,
    "pid": 25969,
    "index": 38
  },
  {
    "name": "Require(30) /Users/wangkai/wangkai/qf/b-hooks/react-project-server/node_modules/@midwayjs/web/app/extend/context.js",
    "start": 1668269392913,
    "end": 1668269392913,
    "duration": 0,
    "pid": 25969,
    "index": 39
  },
  {
    "name": "Load extend/helper.js",
    "start": 1668269392914,
    "end": 1668269392930,
    "duration": 16,
    "pid": 25969,
    "index": 40
  },
  {
    "name": "Require(31) /Users/wangkai/wangkai/qf/b-hooks/react-project-server/node_modules/egg-security/app/extend/helper.js",
    "start": 1668269392914,
    "end": 1668269392929,
    "duration": 15,
    "pid": 25969,
    "index": 41
  },
  {
    "name": "Require(32) /Users/wangkai/wangkai/qf/b-hooks/react-project-server/node_modules/egg/app/extend/helper.js",
    "start": 1668269392929,
    "end": 1668269392930,
    "duration": 1,
    "pid": 25969,
    "index": 42
  },
  {
    "name": "Load app.js",
    "start": 1668269392930,
    "end": 1668269392948,
    "duration": 18,
    "pid": 25969,
    "index": 43
  },
  {
    "name": "Require(33) /Users/wangkai/wangkai/qf/b-hooks/react-project-server/node_modules/egg-session/app.js",
    "start": 1668269392930,
    "end": 1668269392931,
    "duration": 1,
    "pid": 25969,
    "index": 44
  },
  {
    "name": "Require(34) /Users/wangkai/wangkai/qf/b-hooks/react-project-server/node_modules/egg-security/app.js",
    "start": 1668269392931,
    "end": 1668269392932,
    "duration": 1,
    "pid": 25969,
    "index": 45
  },
  {
    "name": "Require(35) /Users/wangkai/wangkai/qf/b-hooks/react-project-server/node_modules/egg-onerror/app.js",
    "start": 1668269392932,
    "end": 1668269392937,
    "duration": 5,
    "pid": 25969,
    "index": 46
  },
  {
    "name": "Require(36) /Users/wangkai/wangkai/qf/b-hooks/react-project-server/node_modules/egg-i18n/app.js",
    "start": 1668269392937,
    "end": 1668269392944,
    "duration": 7,
    "pid": 25969,
    "index": 47
  },
  {
    "name": "Require(37) /Users/wangkai/wangkai/qf/b-hooks/react-project-server/node_modules/egg-schedule/app.js",
    "start": 1668269392944,
    "end": 1668269392945,
    "duration": 1,
    "pid": 25969,
    "index": 48
  },
  {
    "name": "Require(38) /Users/wangkai/wangkai/qf/b-hooks/react-project-server/node_modules/egg-multipart/app.js",
    "start": 1668269392945,
    "end": 1668269392945,
    "duration": 0,
    "pid": 25969,
    "index": 49
  },
  {
    "name": "Require(39) /Users/wangkai/wangkai/qf/b-hooks/react-project-server/node_modules/egg-static/app.js",
    "start": 1668269392945,
    "end": 1668269392946,
    "duration": 1,
    "pid": 25969,
    "index": 50
  },
  {
    "name": "Require(40) /Users/wangkai/wangkai/qf/b-hooks/react-project-server/node_modules/midway-schedule/app.js",
    "start": 1668269392946,
    "end": 1668269392947,
    "duration": 1,
    "pid": 25969,
    "index": 51
  },
  {
    "name": "Require(41) /Users/wangkai/wangkai/qf/b-hooks/react-project-server/node_modules/egg-mock/app.js",
    "start": 1668269392947,
    "end": 1668269392948,
    "duration": 1,
    "pid": 25969,
    "index": 52
  },
  {
    "name": "Require(42) /Users/wangkai/wangkai/qf/b-hooks/react-project-server/node_modules/@midwayjs/web/app.js",
    "start": 1668269392948,
    "end": 1668269392948,
    "duration": 0,
    "pid": 25969,
    "index": 53
  },
  {
    "name": "Did Load in /Users/wangkai/wangkai/qf/b-hooks/react-project-server/node_modules/@midwayjs/web/app.js:didLoad",
    "start": 1668269392955,
    "end": 1668269393009,
    "duration": 54,
    "pid": 25969,
    "index": 54
  },
  {
    "name": "Load Service",
    "start": 1668269392955,
    "end": 1668269392958,
    "duration": 3,
    "pid": 25969,
    "index": 55
  },
  {
    "name": "Load \"service\" to Context",
    "start": 1668269392955,
    "end": 1668269392958,
    "duration": 3,
    "pid": 25969,
    "index": 56
  },
  {
    "name": "Load Middleware",
    "start": 1668269392958,
    "end": 1668269393006,
    "duration": 48,
    "pid": 25969,
    "index": 57
  },
  {
    "name": "Load \"middlewares\" to Application",
    "start": 1668269392958,
    "end": 1668269393006,
    "duration": 48,
    "pid": 25969,
    "index": 58
  },
  {
    "name": "Load Controller",
    "start": 1668269393006,
    "end": 1668269393006,
    "duration": 0,
    "pid": 25969,
    "index": 59
  },
  {
    "name": "Load \"controller\" to Application",
    "start": 1668269393006,
    "end": 1668269393006,
    "duration": 0,
    "pid": 25969,
    "index": 60
  },
  {
    "name": "Load Router",
    "start": 1668269393006,
    "end": 1668269393006,
    "duration": 0,
    "pid": 25969,
    "index": 61
  },
  {
    "name": "Will Ready in /Users/wangkai/wangkai/qf/b-hooks/react-project-server/node_modules/@midwayjs/web/app.js:willReady",
    "start": 1668269393010,
    "end": 1668269393831,
    "duration": 821,
    "pid": 25969,
    "index": 62
  }
]